Workbook

Sheet Steelhead
A1: Date | B1: 1946 | C1: 1947 | D1: 1948 | E1: 1949 | F1: 1950 | G1: 1951 | H1: 1952 | I1: 1953 | J1: 1954 | K1: 1955 | L1: 1956 | M1: 1957 | N1: 1958 | O1: 1959 | P1: 1960 | Q1: 1961 | R1: 1962 | S1: 1963 | T1: 1964 | U1: 1965 | V1: 1966 | W1: 1967 | X1: 1968 | Y1: 1969 | Z1: 1970 | AA1: 1971 | AB1: 1972 | AC1: 1973 | AD1: 1974 | AE1: 1975 | AF1: 1976 | AG1: 1977 | AH1: 1978 | AI1: 1979 | AJ1: 1980 | AK1: 1981 | AL1: 1982 | AM1: 1983 | AN1: 1984 | AO1: 1985 | AP1: 1986 | AQ1: 1987 | AR1: 1988 | AS1: 1989 | AT1: 1990 | AU1: 1991 | AV1: 1992 | AW1: 1993 | AX1: 1994 | AY1: 1995 | AZ1: 1996 | BA1: 1997 | BB1: 1998 | BC1: 1999 | BD1: 2000 | BE1: 2001 | BF1: 2002 | BG1: 2003 | BH1: 2004 | BI1: 2005 | BJ1: 2006 | BK1: 2007 | BL1: 2008 | BM1: 2009 | BN1: 2010 | BO1: 2011 | BP1: 2012 | BQ1: 2013 | BR1: 2014 | BS1: 2015 | BT1: 2016 | BU1: 2017 | BV1: 2018 | BW1: 2019 | BX1: 2020 | BY1: 2021 | BZ1: 2022 | CA1: 2023 | CB1: 2024 | CC1: 2025
A2: 45467
A3: 45468 | BB3: 0
A4: 45469 | BB4: 0
A5: 45470 | BB5: 0
A6: 45471 | BB6: 0
A7: 45472 | BB7: 0
A8: 45473 | BB8: 0
A9: 45474 | BB9: 0
A10: 45475 | BB10: 0
A11: 45476 | BB11: 0
A12: 45477 | BB12: 0
A13: 45478 | BB13: 0 | BH13: 0
A14: 45479 | BB14: 0 | BH14: 0 | BU14: 0
A15: 45480 | AU15: 0 | AW15: 0 | BB15: 0 | BH15: 0 | BJ15: 0 | BU15: 0
A16: 45481 | AU16: 0 | AW16: 0 | BB16: 0 | BH16: 0 | BJ16: 0 | BU16: 0
A17: 45482 | AU17: 0 | AW17: 0 | BB17: 0 | BH17: 0 | BJ17: 0 | BU17: 0 | CB17: 0
A18: 45483 | AU18: 0 | AW18: 0 | BB18: 0 | BH18: 0 | BJ18: 0 | BU18: 0 | CB18: 0
A19: 45484 | AU19: 0 | AW19: 0 | BB19: 0 | BH19: 0 | BJ19: 0 | BS19: 0 | BU19: 0 | CB19: 0
A20: 45485 | AU20: 0 | AW20: 0 | BB20: 0 | BH20: 0 | BI20: 0 | BJ20: 0 | BS20: 0 | BU20: 0 | CB20: 0
A21: 45486 | AU21: 0 | AW21: 0 | BB21: 0 | BH21: 0 | BI21: 0 | BJ21: 0 | BS21: 0 | BU21: 0 | BW21: 0 | CB21: 0
A22: 45487 | AU22: 0 | AW22: 0 | AX22: 0 | BB22: 0 | BH22: 0 | BI22: 0 | BJ22: 0 | BS22: 0 | BT22: 0 | BU22: 0 | BW22: 0 | BY22: 0 | CB22: 0
A23: 45488 | AU23: 0 | AW23: 0 | AX23: 0 | BB23: 0 | BH23: 0 | BI23: 0 | BJ23: 0 | BR23: 0 | BS23: 0 | BT23: 0 | BU23: 0 | BW23: 0 | BY23: 0 | BZ23: 0 | CB23: 0
A24: 45489 | AU24: 0 | AW24: 0 | AX24: 0 | BB24: 0 | BG24: 0 | BH24: 0 | BI24: 0 | BJ24: 0 | BM24: 0 | BR24: 0 | BS24: 0 | BT24: 0 | BU24: 0 | BW24: 0 | BX24: 0 | BY24: 0 | BZ24: 0 | CB24: 0
A25: 45490 | AU25: 0 | AW25: 0 | AX25: 0 | BB25: 0 | BG25: 0 | BH25: 0 | BI25: 0 | BJ25: 1 | BM25: 0 | BR25: 0 | BS25: 0 | BT25: 0 | BU25: 0 | BV25: 0 | BW25: 0 | BX25: 0 | BY25: 0 | BZ25: 0 | CB25: 0
A26: 45491 | AU26: 0 | AW26: 0 | AX26: 0 | BB26: 0 | BG26: 0 | BH26: 0 | BI26: 0 | BJ26: 0 | BL26: 0 | BM26: 0 | BR26: 0 | BS26: 0 | BT26: 0 | BU26: 0 | BV26: 0 | BW26: 0 | BX26: 0 | BY26: 0 | BZ26: 0 | CB26: 0
A27: 45492 | AU27: 0 | AW27: 0 | AX27: 0 | BB27: 0 | BG27: 0 | BH27: 0 | BI27: 0 | BJ27: 0 | BL27: 0 | BM27: 0 | BR27: 0 | BS27: 0 | BT27: 0 | BU27: 0 | BV27: 0 | BW27: 0 | BX27: 0 | BY27: 0 | BZ27: 0 | CB27: 0
A28: 45493 | AU28: 0 | AW28: 0 | AX28: 0 | BB28: 0 | BC28: 0 | BG28: 0 | BH28: 0 | BI28: 0 | BJ28: 0 | BL28: 0 | BM28: 0 | BR28: 0 | BS28: 0 | BT28: 0 | BU28: 0 | BV28: 0 | BW28: 0 | BX28: 0 | BY28: 0 | BZ28: 0 | CA28: 0 | CB28: 0
A29: 45494 | AT29: 0 | AU29: 0 | AW29: 0 | AX29: 0 | BB29: 0 | BC29: 0 | BG29: 0 | BH29: 0 | BI29: 0 | BJ29: 0 | BL29: 0 | BM29: 0 | BR29: 0 | BS29: 0 | BT29: 0 | BU29: 0 | BV29: 0 | BW29: 0 | BX29: 0 | BY29: 0 | BZ29: 0 | CA29: 0 | CB29: 0
A30: 45495 | AT30: 0 | AU30: 0 | AW30: 0 | AX30: 0 | BB30: 0 | BC30: 0 | BG30: 0 | BH30: 0 | BI30: 0 | BJ30: 0 | BL30: 0 | BM30: 0 | BR30: 0 | BS30: 0 | BT30: 0 | BU30: 0 | BV30: 0 | BW30: 0 | BX30: 0 | BY30: 0 | BZ30: 0 | CA30: 0 | CB30: 0
A31: 45496 | AT31: 0 | AU31: 0 | AW31: 0 | AX31: 0 | BB31: 0 | BC31: 0 | BG31: 0 | BH31: 0 | BI31: 0 | BJ31: 0 | BL31: 0 | BM31: 0 | BP31: 0 | BQ31: 0 | BR31: 0 | BS31: 0 | BT31: 0 | BU31: 0 | BV31: 0 | BW31: 0 | BX31: 0 | BY31: 0 | BZ31: 0 | CA31: 0 | CB31: 0
A32: 45497 | AT32: 0 | AU32: 0 | AW32: 0 | AX32: 0 | BB32: 0 | BC32: 0 | BG32: 0 | BH32: 0 | BI32: 0 | BJ32: 0 | BL32: 0 | BM32: 0 | BP32: 0 | BQ32: 0 | BR32: 0 | BS32: 0 | BT32: 0 | BU32: 0 | BV32: 0 | BW32: 0 | BX32: 0 | BY32: 0 | BZ32: 0 | CA32: 0 | CB32: 0
A33: 45498 | AT33: 0 | AU33: 0 | AW33: 0 | AX33: 0 | BB33: 0 | BC33: 0 | BG33: 0 | BH33: 0 | BI33: 0 | BJ33: 0 | BL33: 0 | BM33: 0 | BP33: 0 | BQ33: 0 | BR33: 0 | BS33: 0 | BT33: 0 | BU33: 0 | BV33: 0 | BW33: 0 | BX33: 0 | BY33: 0 | BZ33: 0 | CA33: 0 | CB33: 0
A34: 45499 | AT34: 0 | AU34: 0 | AW34: 0 | AX34: 0 | BB34: 0 | BC34: 0 | BG34: 0 | BH34: 0 | BI34: 0 | BJ34: 0 | BL34: 0 | BM34: 0 | BP34: 0 | BQ34: 0 | BR34: 0 | BS34: 0 | BT34: 0 | BU34: 0 | BV34: 0 | BW34: 0 | BX34: 0 | BY34: 0 | BZ34: 0 | CA34: 0 | CB34: 0
A35: 45500 | AT35: 0 | AU35: 0 | AW35: 0 | AX35: 0 | BB35: 0 | BC35: 0 | BG35: 0 | BH35: 0 | BI35: 0 | BJ35: 0 | BL35: 0 | BM35: 0 | BP35: 0 | BQ35: 0 | BR35: 0 | BS35: 0 | BT35: 0 | BU35: 0 | BV35: 0 | BW35: 0 | BX35: 0 | BY35: 0 | BZ35: 0 | CA35: 1 | CB35: 0
A36: 45501 | AT36: 0 | AU36: 0 | AW36: 0 | AX36: 0 | AZ36: 0 | BB36: 0 | BC36: 0 | BG36: 0 | BH36: 0 | BI36: 0 | BJ36: 0 | BL36: 0 | BM36: 0 | BP36: 0 | BQ36: 0 | BR36: 0 | BS36: 0 | BT36: 0 | BU36: 0 | BV36: 0 | BW36: 0 | BX36: 0 | BY36: 0 | BZ36: 0 | CA36: 0 | CB36: 0
A37: 45502 | AT37: 0 | AU37: 0 | AW37: 0 | AX37: 0 | AZ37: 0 | BA37: 0 | BB37: 0 | BC37: 0 | BG37: 0 | BH37: 0 | BI37: 0 | BJ37: 0 | BL37: 0 | BM37: 0 | BP37: 0 | BQ37: 0 | BR37: 0 | BS37: 0 | BT37: 0 | BU37: 0 | BV37: 0 | BW37: 0 | BX37: 0 | BY37: 0 | BZ37: 0 | CA37: 0 | CB37: 0
A38: 45503 | AT38: 0 | AU38: 0 | AW38: 0 | AX38: 0 | AZ38: 0 | BA38: 0 | BB38: 0 | BC38: 0 | BG38: 0 | BH38: 0 | BI38: 0 | BJ38: 0 | BL38: 0 | BM38: 0 | BP38: 0 | BQ38: 0 | BR38: 0 | BS38: 0 | BT38: 0 | BU38: 0 | BV38: 0 | BW38: 0 | BX38: 0 | BY38: 0 | BZ38: 0 | CA38: 0 | CB38: 0
A39: 45504 | AT39: 0 | AU39: 0 | AW39: 0 | AX39: 0 | AZ39: 0 | BA39: 0 | BB39: 0 | BC39: 0 | BG39: 0 | BH39: 2 | BI39: 0 | BJ39: 0 | BL39: 0 | BM39: 0 | BP39: 0 | BQ39: 0 | BR39: 0 | BS39: 0 | BT39: 0 | BU39: 0 | BV39: 0 | BW39: 0 | BX39: 0 | BY39: 0 | BZ39: 0 | CA39: 0 | CB39: 0
A40: 45505 | AT40: 0 | AU40: 0 | AW40: 0 | AX40: 0 | AZ40: 0 | BA40: 0 | BB40: 0 | BC40: 0 | BG40: 0 | BH40: 4 | BI40: 0 | BJ40: 0 | BL40: 0 | BM40: 0 | BN40: 1 | BP40: 0 | BQ40: 0 | BR40: 0 | BS40: 0 | BT40: 0 | BU40: 0 | BV40: 0 | BW40: 0 | BX40: 0 | BY40: 0 | BZ40: 0 | CA40: 0 | CB40: 0
A41: 45506 | AT41: 0 | AU41: 0 | AW41: 0 | AX41: 0 | AZ41: 0 | BA41: 0 | BB41: 0 | BC41: 0 | BG41: 0 | BH41: 0 | BI41: 0 | BJ41: 0 | BL41: 0 | BM41: 0 | BN41: 0 | BP41: 0 | BQ41: 0 | BR41: 0 | BS41: 0 | BT41: 0 | BU41: 0 | BV41: 0 | BW41: 0 | BX41: 0 | BY41: 0 | BZ41: 0 | CA41: 0 | CB41: 0
A42: 45507 | AT42: 0 | AU42: 0 | AW42: 0 | AX42: 0 | AZ42: 0 | BA42: 0 | BB42: 0 | BC42: 0 | BG42: 0 | BH42: 0 | BI42: 0 | BJ42: 0 | BL42: 0 | BM42: 0 | BN42: 0 | BP42: 0 | BQ42: 0 | BR42: 0 | BS42: 0 | BT42: 0 | BU42: 0 | BV42: 0 | BW42: 0 | BX42: 0 | BY42: 0 | BZ42: 0 | CA42: 0 | CB42: 0
A43: 45508 | AT43: 0 | AU43: 0 | AW43: 0 | AX43: 0 | AZ43: 0 | BA43: 0 | BB43: 0 | BC43: 0 | BG43: 0 | BH43: 0 | BI43: 0 | BJ43: 0 | BL43: 0 | BM43: 0 | BN43: 0 | BP43: 0 | BQ43: 0 | BR43: 0 | BS43: 0 | BT43: 0 | BU43: 0 | BV43: 0 | BW43: 0 | BX43: 0 | BY43: 0 | BZ43: 0 | CA43: 0 | CB43: 0
A44: 45509 | AT44: 0 | AU44: 0 | AW44: 0 | AX44: 0 | AZ44: 0 | BA44: 0 | BB44: 0 | BC44: 0 | BG44: 0 | BH44: 0 | BI44: 0 | BJ44: 0 | BL44: 0 | BM44: 0 | BN44: 0 | BP44: 0 | BQ44: 0 | BR44: 0 | BS44: 0 | BT44: 0 | BU44: 0 | BV44: 0 | BW44: 0 | BX44: 0 | BY44: 0 | BZ44: 0 | CA44: 0 | CB44: 0
A45: 45510 | AT45: 0 | AU45: 0 | AW45: 0 | AX45: 0 | AZ45: 0 | BA45: 0 | BB45: 0 | BC45: 0 | BG45: 0 | BH45: 0 | BI45: 0 | BJ45: 0 | BL45: 0 | BM45: 0 | BN45: 0 | BP45: 0 | BQ45: 0 | BR45: 0 | BS45: 0 | BT45: 0 | BU45: 0 | BV45: 0 | BW45: 0 | BX45: 0 | BY45: 0 | BZ45: 0 | CA45: 0 | CB45: 0
A46: 45511 | AT46: 1 | AU46: 0 | AW46: 0 | AX46: 0 | AZ46: 0 | BA46: 0 | BB46: 0 | BC46: 0 | BF46: 0 | BG46: 0 | BH46: 0 | BI46: 0 | BJ46: 0 | BK46: 0 | BL46: 0 | BM46: 0 | BN46: 0 | BP46: 0 | BQ46: 0 | BR46: 0 | BS46: 0 | BT46: 0 | BU46: 0 | BV46: 0 | BW46: 0 | BX46: 0 | BY46: 0 | BZ46: 0 | CA46: 1 | CB46: 0
A47: 45512 | AT47: 0 | AU47: 0 | AW47: 0 | AX47: 0 | AZ47: 0 | BA47: 0 | BB47: 0 | BC47: 0 | BF47: 0 | BG47: 0 | BH47: 0 | BI47: 0 | BJ47: 0 | BK47: 2 | BL47: 0 | BM47: 0 | BN47: 0 | BP47: 0 | BQ47: 0 | BR47: 2 | BS47: 0 | BT47: 0 | BU47: 0 | BV47: 1 | BW47: 0 | BX47: 0 | BY47: 0 | BZ47: 0 | CA47: 0 | CB47: 0
A48: 45513 | AT48: 0 | AU48: 0 | AW48: 0 | AX48: 0 | AZ48: 0 | BA48: 0 | BB48: 0 | BC48: 0 | BF48: 0 | BG48: 0 | BH48: 0 | BI48: 0 | BJ48: 0 | BK48: 0 | BL48: 0 | BM48: 0 | BN48: 0 | BP48: 0 | BQ48: 0 | BR48: 0 | BS48: 1 | BT48: 0 | BU48: 0 | BV48: 0 | BW48: 3 | BX48: 0 | BY48: 0 | BZ48: 0 | CA48: 0 | CB48: 0
A49: 45514 | AT49: 2 | AU49: 0 | AW49: 0 | AX49: 0 | AZ49: 0 | BA49: 0 | BB49: 0 | BC49: 0 | BF49: 0 | BG49: 0 | BH49: 0 | BI49: 0 | BJ49: 0 | BK49: 0 | BL49: 0 | BM49: 0 | BN49: 0 | BP49: 0 | BQ49: 0 | BR49: 0 | BS49: 0 | BT49: 0 | BU49: 0 | BV49: 1 | BW49: 1 | BX49: 0 | BY49: 0 | BZ49: 0 | CA49: 0 | CB49: 0
A50: 45515 | AT50: 8 | AU50: 0 | AW50: 0 | AX50: 1 | AZ50: 0 | BA50: 0 | BB50: 0 | BC50: 0 | BF50: 0 | BG50: 0 | BH50: 0 | BI50: 0 | BJ50: 0 | BK50: 0 | BL50: 0 | BM50: 0 | BN50: 0 | BP50: 0 | BQ50: 0 | BR50: 0 | BS50: 0 | BT50: 0 | BU50: 0 | BV50: 1 | BW50: 0 | BX50: 0 | BY50: 0 | BZ50: 0 | CA50: 0 | CB50: 0
A51: 45516 | AT51: 4 | AU51: 1 | AW51: 0 | AX51: 0 | AZ51: 0 | BA51: 0 | BB51: 0 | BC51: 0 | BF51: 0 | BG51: 0 | BH51: 0 | BI51: 0 | BJ51: 0 | BK51: 0 | BL51: 0 | BM51: 0 | BN51: 0 | BO51: 1 | BP51: 0 | BQ51: 0 | BR51: 0 | BS51: 1 | BT51: 3 | BU51: 0 | BV51: 0 | BW51: 0 | BX51: 0 | BY51: 0 | BZ51: 0 | CA51: 0 | CB51: 0
A52: 45517 | AT52: 1 | AU52: 0 | AW52: 0 | AX52: 0 | AZ52: 0 | BA52: 0 | BB52: 0 | BC52: 0 | BF52: 0 | BG52: 0 | BH52: 0 | BI52: 0 | BJ52: 0 | BK52: 0 | BL52: 0 | BM52: 0 | BN52: 0 | BO52: 0 | BP52: 0 | BQ52: 0 | BR52: 1 | BS52: 2 | BT52: 1 | BU52: 0 | BV52: 0 | BW52: 8 | BX52: 0 | BY52: 0 | BZ52: 0 | CA52: 1 | CB52: 0
A53: 45518 | AT53: 4 | AU53: 1 | AW53: 0 | AX53: 0 | AZ53: 0 | BA53: 0 | BB53: 0 | BC53: 0 | BF53: 0 | BG53: 0 | BH53: 0 | BI53: 0 | BJ53: 0 | BK53: 0 | BL53: 0 | BM53: 0 | BN53: 0 | BO53: 0 | BP53: 0 | BQ53: 0 | BR53: 1 | BS53: 0 | BT53: 3 | BU53: 0 | BV53: 0 | BW53: 0 | BX53: 0 | BY53: 0 | BZ53: 1 | CA53: 0 | CB53: 0
A54: 45519 | AT54: 3 | AU54: 0 | AW54: 0 | AX54: 0 | AZ54: 0 | BA54: 0 | BB54: 0 | BC54: 0 | BF54: 0 | BG54: 0 | BH54: 0 | BI54: 0 | BJ54: 0 | BK54: 0 | BL54: 0 | BM54: 1 | BN54: 0 | BO54: 0 | BP54: 0 | BQ54: 0 | BR54: 1 | BS54: 0 | BT54: 0 | BU54: 0 | BV54: 1 | BW54: 0 | BX54: 0 | BY54: 0 | BZ54: 0 | CA54: 0 | CB54: 0
A55: 45520 | AT55: 2 | AU55: 1 | AW55: 0 | AX55: 1 | AZ55: 0 | BA55: 0 | BB55: 0 | BC55: 0 | BF55: 0 | BG55: 0 | BH55: 0 | BI55: 0 | BJ55: 0 | BK55: 0 | BL55: 0 | BM55: 0 | BN55: 0 | BO55: 0 | BP55: 0 | BQ55: 0 | BR55: 0 | BS55: 0 | BT55: 0 | BU55: 0 | BV55: 3 | BW55: 0 | BX55: 0 | BY55: 0 | BZ55: 0 | CA55: 0 | CB55: 0
A56: 45521 | AT56: 1 | AU56: 1 | AW56: 0 | AX56: 0 | AZ56: 0 | BA56: 0 | BB56: 0 | BC56: 0 | BF56: 1 | BG56: 0 | BH56: 0 | BI56: 0 | BJ56: 0 | BK56: 0 | BL56: 0 | BM56: 0 | BN56: 0 | BO56: 0 | BP56: 0 | BQ56: 0 | BR56: 0 | BS56: 0 | BT56: 0 | BU56: 0 | BV56: 1 | BW56: 0 | BX56: 0 | BY56: 0 | BZ56: 0 | CA56: 0 | CB56: 0
A57: 45522 | AT57: 3 | AU57: 0 | AW57: 0 | AX57: 0 | AZ57: 0 | BA57: 0 | BB57: 0 | BC57: 0 | BF57: 0 | BG57: 1 | BH57: 0 | BI57: 0 | BJ57: 0 | BK57: 0 | BL57: 0 | BM57: 0 | BN57: 0 | BO57: 0 | BP57: 2 | BQ57: 2 | BR57: 0 | BS57: 2 | BT57: 0 | BU57: 2 | BV57: 1 | BW57: 0 | BX57: 0 | BY57: 0 | BZ57: 0 | CA57: 1 | CB57: 0
A58: 45523 | AT58: 2 | AU58: 0 | AW58: 0 | AX58: 0 | AZ58: 0 | BA58: 0 | BB58: 0 | BC58: 0 | BF58: 0 | BG58: 0 | BH58: 1 | BI58: 0 | BJ58: 0 | BK58: 0 | BL58: 0 | BM58: 0 | BN58: 0 | BO58: 0 | BP58: 1 | BQ58: 3 | BR58: 2 | BS58: 1 | BT58: 0 | BU58: 0 | BV58: 3 | BW58: 0 | BX58: 0 | BY58: 0 | BZ58: 1 | CA58: 0 | CB58: 0
A59: 45524 | AT59: 0 | AU59: 0 | AW59: 0 | AX59: 0 | AZ59: 0 | BA59: 0 | BB59: 0 | BC59: 0 | BF59: 0 | BG59: 0 | BH59: 0 | BI59: 0 | BJ59: 0 | BK59: 0 | BL59: 0 | BM59: 0 | BN59: 0 | BO59: 0 | BP59: 0 | BQ59: 3 | BR59: 2 | BS59: 0 | BT59: 0 | BU59: 5 | BV59: 2 | BW59: 5 | BX59: 2 | BY59: 0 | BZ59: 4 | CA59: 0 | CB59: 0
A60: 45525 | AT60: 1 | AU60: 1 | AW60: 0 | AX60: 0 | AZ60: 0 | BA60: 0 | BB60: 0 | BC60: 0 | BF60: 0 | BG60: 0 | BH60: 2 | BI60: 0 | BJ60: 0 | BK60: 0 | BL60: 0 | BM60: 1 | BN60: 0 | BO60: 1 | BP60: 0 | BQ60: 3 | BR60: 0 | BS60: 1 | BT60: 0 | BU60: 1 | BV60: 3 | BW60: 1 | BX60: 0 | BY60: 0 | BZ60: 0 | CA60: 0 | CB60: 4
A61: 45526 | AT61: 1 | AU61: 1 | AW61: 0 | AX61: 0 | AZ61: 0 | BA61: 0 | BB61: 0 | BC61: 0 | BF61: 0 | BG61: 0 | BH61: 1 | BI61: 0 | BJ61: 0 | BK61: 0 | BL61: 0 | BM61: 0 | BN61: 0 | BO61: 1 | BP61: 0 | BQ61: 3 | BR61: 0 | BS61: 0 | BT61: 0 | BU61: 0 | BV61: 1 | BW61: 1 | BX61: 0 | BY61: 0 | BZ61: 0 | CA61: 0 | CB61: 4
A62: 45527 | AT62: 0 | AU62: 0 | AW62: 0 | AX62: 0 | AZ62: 0 | BA62: 0 | BB62: 1 | BC62: 0 | BF62: 0 | BG62: 0 | BH62: 1 | BI62: 0 | BJ62: 0 | BK62: 0 | BL62: 0 | BM62: 1 | BN62: 0 | BO62: 0 | BP62: 1 | BQ62: 4 | BR62: 0 | BS62: 0 | BT62: 0 | BU62: 1 | BV62: 0 | BW62: 0 | BX62: 0 | BY62: 0 | BZ62: 0 | CA62: 0 | CB62: 0
A63: 45528 | AT63: 0 | AU63: 2 | AW63: 0 | AX63: 0 | AZ63: 0 | BA63: 0 | BB63: 0 | BC63: 0 | BF63: 0 | BG63: 0 | BH63: 1 | BI63: 0 | BJ63: 0 | BK63: 0 | BL63: 0 | BM63: 0 | BN63: 1 | BO63: 0 | BP63: 0 | BQ63: 4 | BR63: 0 | BS63: 1 | BT63: 0 | BU63: 2 | BV63: 1 | BW63: 0 | BX63: 0 | BY63: 0 | BZ63: 0 | CA63: 1 | CB63: 0
A64: 45529 | AT64: 1 | AU64: 0 | AW64: 0 | AX64: 0 | AZ64: 0 | BA64: 0 | BB64: 0 | BC64: 1 | BE64: 0 | BF64: 0 | BG64: 1 | BH64: 0 | BI64: 1 | BJ64: 0 | BK64: 0 | BL64: 0 | BM64: 0 | BN64: 1 | BO64: 0 | BP64: 3 | BQ64: 7 | BR64: 3 | BS64: 4 | BT64: 1 | BU64: 2 | BV64: 3 | BW64: 0 | BX64: 0 | BY64: 0 | BZ64: 0 | CA64: 1 | CB64: 0
A65: 45530 | AT65: 0 | AU65: 3 | AW65: 0 | AX65: 0 | AZ65: 0 | BA65: 0 | BB65: 0 | BC65: 0 | BE65: 1 | BF65: 0 | BG65: 0 | BH65: 1 | BI65: 2 | BJ65: 0 | BK65: 0 | BL65: 0 | BM65: 0 | BN65: 0 | BO65: 0 | BP65: 1 | BQ65: 8 | BR65: 3 | BS65: 5 | BT65: 3 | BU65: 1 | BV65: 0 | BW65: 0 | BX65: 0 | BY65: 0 | BZ65: 4 | CA65: 0 | CB65: 0
A66: 45531 | AT66: 0 | AU66: 2 | AW66: 0 | AX66: 0 | AZ66: 0 | BA66: 0 | BB66: 0 | BC66: 0 | BE66: 1 | BF66: 3 | BG66: 0 | BH66: 0 | BI66: 1 | BJ66: 0 | BK66: 0 | BL66: 0 | BM66: 1 | BN66: 0 | BO66: 0 | BP66: 5 | BQ66: 13 | BR66: 1 | BS66: 5 | BT66: 0 | BU66: 0 | BV66: 1 | BW66: 0 | BX66: 0 | BY66: 0 | BZ66: 3 | CA66: 0 | CB66: 0
A67: 45532 | AT67: 0 | AU67: 2 | AW67: 0 | AX67: 0 | AZ67: 0 | BA67: 0 | BB67: 0 | BC67: 0 | BE67: 1 | BF67: 1 | BG67: 0 | BH67: 0 | BI67: 0 | BJ67: 0 | BK67: 0 | BL67: 0 | BM67: 1 | BN67: 0 | BO67: 0 | BP67: 5 | BQ67: 18 | BR67: 6 | BS67: 1 | BT67: 5 | BU67: 7 | BV67: 9 | BW67: 0 | BX67: 0 | BY67: 0 | BZ67: 4 | CA67: 0 | CB67: 0
A68: 45533 | AT68: 0 | AU68: 0 | AW68: 0 | AX68: 0 | AZ68: 0 | BA68: 0 | BB68: 0 | BC68: 1 | BE68: 0 | BF68: 0 | BG68: 0 | BH68: 0 | BI68: 1 | BJ68: 0 | BK68: 0 | BL68: 0 | BM68: 0 | BN68: 0 | BO68: 0 | BP68: 13 | BQ68: 31 | BR68: 5 | BS68: 1 | BT68: 0 | BU68: 8 | BV68: 3 | BW68: 1 | BX68: 0 | BY68: 0 | BZ68: 5 | CA68: 0 | CB68: 0
A69: 45534 | AT69: 1 | AU69: 2 | AW69: 0 | AX69: 0 | AZ69: 0 | BA69: 0 | BB69: 0 | BC69: 0 | BE69: 0 | BF69: 0 | BG69: 0 | BH69: 0 | BI69: 1 | BJ69: 0 | BK69: 0 | BL69: 0 | BM69: 3 | BN69: 0 | BO69: 0 | BP69: 7 | BQ69: 38 | BR69: 7 | BS69: 3 | BT69: 4 | BU69: 2 | BV69: 2 | BW69: 0 | BX69: 0 | BY69: 0 | BZ69: 4 | CA69: 0 | CB69: 0
A70: 45535 | AT70: 2 | AU70: 1 | AW70: 0 | AX70: 0 | AZ70: 0 | BA70: 1 | BB70: 0 | BC70: 0 | BE70: 0 | BF70: 0 | BG70: 0 | BH70: 0 | BI70: 3 | BJ70: 0 | BK70: 0 | BL70: 3 | BM70: 1 | BN70: 0 | BO70: 0 | BP70: 10 | BQ70: 48 | BR70: 2 | BS70: 5 | BT70: 0 | BU70: 4 | BV70: 0 | BW70: 2 | BX70: 0 | BY70: 0 | BZ70: 3 | CA70: 0 | CB70: 0
A71: 45536 | AT71: 0 | AU71: 1 | AW71: 0 | AX71: 0 | AZ71: 0 | BA71: 5 | BB71: 0 | BC71: 0 | BE71: 0 | BF71: 1 | BG71: 0 | BH71: 0 | BI71: 0 | BJ71: 0 | BK71: 1 | BL71: 3 | BM71: 0 | BN71: 0 | BO71: 0 | BP71: 12 | BQ71: 60 | BR71: 1 | BS71: 8 | BT71: 1 | BU71: 2 | BV71: 2 | BW71: 0 | BX71: 0 | BY71: 0 | BZ71: 1 | CA71: 0 | CB71: 0
A72: 45537 | AT72: 1 | AU72: 0 | AW72: 0 | AX72: 0 | AZ72: 0 | BA72: 0 | BB72: 0 | BC72: 0 | BE72: 0 | BF72: 0 | BG72: 1 | BH72: 0 | BI72: 0 | BJ72: 0 | BK72: 2 | BL72: 1 | BM72: 0 | BN72: 4 | BO72: 1 | BP72: 6 | BQ72: 66 | BR72: 1 | BS72: 6 | BT72: 3 | BU72: 3 | BV72: 0 | BW72: 0 | BX72: 0 | BY72: 0 | BZ72: 2 | CA72: 0 | CB72: 0
A73: 45538 | AT73: 0 | AU73: 0 | AW73: 0 | AX73: 0 | AZ73: 0 | BA73: 0 | BB73: 0 | BC73: 1 | BE73: 0 | BF73: 1 | BG73: 0 | BH73: 0 | BI73: 1 | BJ73: 0 | BK73: 0 | BL73: 2 | BM73: 5 | BN73: 1 | BO73: 4 | BP73: 0 | BQ73: 66 | BR73: 5 | BS73: 3 | BT73: 3 | BU73: 0 | BV73: 0 | BW73: 2 | BX73: 0 | BY73: 0 | BZ73: 0 | CA73: 0 | CB73: 1
A74: 45539 | AT74: 0 | AU74: 1 | AW74: 0 | AX74: 0 | AZ74: 0 | BA74: 0 | BB74: 0 | BC74: 0 | BE74: 0 | BF74: 1 | BG74: 3 | BH74: 2 | BI74: 0 | BJ74: 0 | BK74: 1 | BL74: 3 | BM74: 1 | BN74: 1 | BO74: 1 | BP74: 2 | BQ74: 68 | BR74: 6 | BS74: 10 | BT74: 0 | BU74: 0 | BV74: 6 | BW74: 2 | BX74: 1 | BY74: 0 | BZ74: 0 | CA74: 0 | CB74: 1
A75: 45540 | AT75: 0 | AU75: 1 | AW75: 0 | AX75: 0 | AZ75: 0 | BA75: 0 | BB75: 0 | BC75: 0 | BE75: 0 | BF75: 2 | BG75: 0 | BH75: 2 | BI75: 0 | BJ75: 0 | BK75: 5 | BL75: 4 | BM75: 3 | BN75: 0 | BO75: 2 | BP75: 2 | BQ75: 70 | BR75: 4 | BS75: 4 | BT75: 3 | BU75: 3 | BV75: 4 | BW75: 4 | BX75: 4 | BY75: 0 | BZ75: 0 | CA75: 0 | CB75: 0
... A89: 45554 | AT89: 1 | AU89: 0 | AW89: 0 | AX89: 0 | AZ89: 0 | BA89: 6 | BB89: 0 | BC89: 2 | BE89: 1 | BF89: 0 | BG89: 2 | BH89: 0 | BI89: 1 | BJ89: 1 | BK89: 1 | BL89: 3 | BM89: 5 | BN89: 0 | BO89: 8 | BP89: 3 | BQ89: 106 | BR89: 2 | BS89: 4 | BT89: 1 | BU89: 2 | BV89: 0 | BW89: 8 | BX89: 0 | BY89: 1 | BZ89: 9 | CA89: 0 | CB89: 0
A90: 45555 | AT90: 0 | AU90: 0 | AW90: 0 | AX90: 0 | AZ90: 0 | BA90: 4 | BB90: 0 | BC90: 5 | BE90: 0 | BF90: 0 | BG90: 0 | BH90: 2 | BI90: 0 | BJ90: 2 | BK90: 0 | BL90: 5 | BM90: 1 | BN90: 0 | BO90: 4 | BP90: 3 | BQ90: 109 | BR90: 4 | BS90: 7 | BT90: 1 | BU90: 8 | BV90: 3 | BW90: 46 | BX90: 1 | BZ90: 1 | CA90: 0 | CB90: 1
A91: 45556 | AT91: 0 | AU91: 0 | AW91: 0 | AX91: 0 | AZ91: 0 | BA91: 6 | BB91: 0 | BC91: 1 | BE91: 0 | BF91: 1 | BG91: 0 | BH91: 3 | BI91: 1 | BJ91: 1 | BK91: 0 | BL91: 10 | BM91: 0 | BN91: 1 | BO91: 16 | BP91: 0 | BQ91: 109 | BR91: 1 | BS91: 3 | BT91: 4 | BU91: 2 | BV91: 1 | BW91: 28 | BX91: 4 | BZ91: 0 | CA91: 0 | CB91: 0
A92: 45557 | AT92: 1 | AU92: 0 | AW92: 0 | AX92: 0 | AZ92: 0 | BA92: 3 | BB92: 0 | BC92: 3 | BE92: 0 | BF92: 0 | BG92: 3 | BH92: 0 | BI92: 0 | BJ92: 0 | BK92: 0 | BL92: 23 | BN92: 0 | BO92: 7 | BP92: 0 | BQ92: 109 | BR92: 0 | BS92: 2 | BT92: 3 | BU92: 2 | BV92: 3 | BW92: 9 | BX92: 0 | BZ92: 2 | CA92: 0 | CB92: 0
A93: 45558 | AT93: 0 | AU93: 0 | AW93: 1 | AX93: 0 | AZ93: 0 | BA93: 1 | BB93: 0 | BC93: 3 | BE93: 0 | BF93: 1 | BG93: 0 | BH93: 1 | BI93: 0 | BJ93: 1 | BK93: 2 | BL93: 5 | BN93: 3 | BO93: 8 | BP93: 5 | BQ93: 114 | BR93: 0 | BS93: 3 | BT93: 2 | BU93: 4 | BV93: 0 | BW93: 10 | BX93: 0 | BZ93: 2 | CA93: 0 | CB93: 0
A94: 45559 | AT94: 1 | AU94: 0 | AW94: 0 | AX94: 0 | AZ94: 0 | BA94: 5 | BB94: 0 | BC94: 0 | BE94: 0 | BF94: 0 | BG94: 0 | BH94: 0 | BI94: 5 | BJ94: 0 | BK94: 0 | BL94: 2 | BN94: 0 | BO94: 26 | BP94: 1 | BQ94: 115 | BR94: 0 | BS94: 4 | BT94: 4 | BU94: 7 | BV94: 0 | BW94: 1 | BX94: 0 | BZ94: 1 | CA94: 2 | CB94: 0
A95: 45560 | AT95: 0 | AU95: 2 | AW95: 0 | AX95: 1 | AZ95: 0 | BA95: 7 | BB95: 0 | BC95: 0 | BE95: 0 | BF95: 0 | BG95: 0 | BH95: 0 | BI95: 2 | BJ95: 7 | BK95: 0 | BL95: 4 | BN95: 3 | BO95: 19 | BP95: 4 | BQ95: 119 | BR95: 0 | BS95: 7 | BT95: 2 | BU95: 12 | BV95: 1 | BW95: 13 | BX95: 0 | BZ95: 0 | CA95: 0 | CB95: 0
A96: 45561 | AT96: 0 | AU96: 3 | AW96: 0 | AX96: 1 | AZ96: 0 | BA96: 4 | BB96: 0 | BC96: 1 | BE96: 0 | BF96: 2 | BG96: 1 | BH96: 0 | BI96: 0 | BJ96: 1 | BK96: 0 | BL96: 2 | BO96: 30 | BP96: 3 | BQ96: 122 | BR96: 0 | BS96: 6 | BT96: 0 | BU96: 3 | BV96: 6 | BW96: 15 | BX96: 1 | BZ96: 0 | CA96: 0 | CB96: 0
A97: 45562 | AT97: 0 | AU97: 0 | AW97: 0 | AX97: 1 | AZ97: 0 | BA97: 7 | BB97: 0 | BC97: 0 | BE97: 0 | BF97: 2 | BG97: 0 | BH97: 0 | BI97: 2 | BJ97: 0 | BK97: 0 | BL97: 1 | BO97: 11 | BP97: 0 | BQ97: 122 | BR97: 0 | BS97: 1 | BT97: 0 | BU97: 7 | BV97: 0 | BW97: 10 | BX97: 12 | BZ97: 2 | CA97: 0 | CB97: 0
A98: 45563 | AT98: 0 | AU98: 2 | AW98: 1 | AX98: 0 | AZ98: 0 | BA98: 6 | BB98: 0 | BC98: 1 | BE98: 0 | BF98: 3 | BG98: 3 | BH98: 0 | BI98: 7 | BJ98: 2 | BK98: 1 | BL98: 1 | BO98: 12 | BP98: 0 | BQ98: 122 | BS98: 3 | BT98: 0 | BU98: 2 | BV98: 1 | BW98: 10 | BX98: 0 | BZ98: 0 | CA98: 0 | CB98: 0
A99: 45564 | AT99: 0 | AU99: 3 | AW99: 0 | AX99: 0 | AZ99: 0 | BA99: 16 | BB99: 0 | BC99: 1 | BE99: 0 | BF99: 1 | BG99: 2 | BH99: 0 | BI99: 1 | BJ99: 0 | BK99: 0 | BL99: 1 | BO99: 16 | BP99: 1 | BQ99: 123 | BS99: 0 | BT99: 8 | BU99: 3 | BV99: 1 | BW99: 14 | BZ99: 0 | CA99: 0 | CB99: 0
A100: 45565 | AT100: 1 | AU100: 0 | AW100: 0 | AX100: 0 | AZ100: 0 | BA100: 21 | BB100: 0 | BC100: 2 | BE100: 0 | BF100: 0 | BG100: 2 | BH100: 0 | BI100: 0 | BJ100: 1 | BK100: 2 | BL100: 1 | BO100: 7 | BP100: 1 | BQ100: 124 | BS100: 8 | BU100: 1 | BV100: 16 | BZ100: 1 | CA100: 0 | CB100: 0
A101: 45566 | AT101: 0 | AU101: 1 | AW101: 0 | AX101: 0 | AZ101: 0 | BA101: 10 | BB101: 0 | BC101: 0 | BE101: 0 | BF101: 2 | BG101: 1 | BH101: 0 | BI101: 1 | BJ101: 2 | BL101: 0 | BO101: 10 | BP101: 0 | BQ101: 124 | BS101: 1 | BU101: 6 | BV101: 18 | BZ101: 2 | CA101: 9 | CB101: 0
A102: 45567 | AT102: 0 | AU102: 0 | AW102: 0 | AX102: 0 | AZ102: 0 | BA102: 11 | BB102: 0 | BC102: 1 | BE102: 0 | BF102: 0 | BG102: 0 | BH102: 0 | BI102: 2 | BJ102: 1 | BO102: 7 | BP102: 1 | BQ102: 125 | BU102: 6 | BV102: 4 | BZ102: 0 | CA102: 2 | CB102: 0
A103: 45568 | AT103: 0 | AU103: 0 | AW103: 0 | AX103: 0 | AZ103: 0 | BA103: 6 | BB103: 0 | BC103: 0 | BE103: 0 | BF103: 1 | BG103: 2 | BH103: 1 | BI103: 9 | BJ103: 0 | BO103: 1 | BU103: 4 | BV103: 42 | BZ103: 0 | CA103: 1 | CB103: 0
A104: 45569 | AT104: 1 | AU104: 0 | AW104: 0 | AX104: 1 | AZ104: 0 | BA104: 4 | BB104: 0 | BC104: 0 | BE104: 0 | BF104: 2 | BG104: 2 | BH104: 2 | BI104: 2 | BJ104: 0 | BO104: 3 | BU104: 3 | BZ104: 0 | CA104: 0 | CB104: 0
A105: 45570 | AT105: 0 | AU105: 0 | AW105: 0 | AX105: 0 | AZ105: 0 | BA105: 4 | BB105: 0 | BC105: 1 | BE105: 0 | BF105: 1 | BG105: 0 | BH105: 1 | BI105: 1 | BU105: 4 | BZ105: 0 | CA105: 0
A106: 45571 | AT106: 0 | AU106: 0 | AW106: 1 | AX106: 0 | AZ106: 0 | BA106: 6 | BB106: 0 | BC106: 3 | BE106: 0 | BF106: 1 | BG106: 0 | BH106: 0 | BI106: 8 | BU106: 2 | BZ106: 1 | CA106: 3
A107: 45572 | AT107: 1 | AU107: 0 | AW107: 1 | AX107: 0 | AZ107: 0 | BA107: 2 | BB107: 1 | BC107: 0 | BE107: 1 | BF107: 1 | BG107: 0 | BH107: 0 | BI107: 0 | BZ107: 0 | CA107: 0
A108: 45573 | AT108: 0 | AU108: 0 | AW108: 0 | AX108: 0 | AZ108: 0 | BA108: 3 | BB108: 0 | BC108: 1 | BE108: 0 | BF108: 1 | BG108: 2 | BH108: 0 | BI108: 2 | CA108: 1
A109: 45574 | AT109: 0 | AU109: 0 | AW109: 0 | AX109: 0 | AZ109: 0 | BA109: 2 | BB109: 0 | BC109: 2 | BE109: 0 | BF109: 2 | BG109: 1 | BH109: 0 | BI109: 0 | CA109: 1
A110: 45575 | AT110: 0 | AU110: 0 | AW110: 0 | AX110: 0 | AZ110: 0 | BA110: 1 | BB110: 0 | BC110: 0 | BE110: 0 | BF110: 0 | BG110: 1 | BH110: 1 | BI110: 0 | CA110: 0
A111: 45576 | AT111: 0 | AU111: 7 | AW111: 0 | AX111: 0 | AZ111: 0 | BA111: 2 | BB111: 0 | BC111: 0 | BE111: 0 | BG111: 2 | BH111: 0 | BI111: 5 | CA111: 1
A112: 45577 | AT112: 0 | AU112: 0 | AW112: 0 | AX112: 0 | AZ112: 0 | BA112: 1 | BB112: 0 | BC112: 0 | BE112: 3 | BG112: 1 | BH112: 0 | BI112: 0 | CA112: 0
A113: 45578 | AT113: 0 | AU113: 2 | AW113: 0 | AX113: 0 | AZ113: 0 | BA113: 0 | BB113: 0 | BC113: 0 | BE113: 2 | BG113: 0 | BH113: 2 | CA113: 0
...

Sheet Large Sockeye
A1: Date | B1: MONTH | C1: DAY | D1: 1946 | E1: 1947 | F1: 1948 | G1: 1949 | H1: 1950 | I1: 1951 | J1: 1952 | K1: 1953 | L1: 1954 | M1: 1955 | N1: 1956 | O1: 1957 | P1: 1958 | Q1: 1959 | R1: 1960 | S1: 1961 | T1: 1962 | U1: 1963 | V1: 1964 | W1: 1965 | X1: 1966 | Y1: 1967 | Z1: 1968 | AA1: 1969 | AB1: 1970 | AC1: 1971 | AD1: 1972 | AE1: 1973 | AF1: 1974 | AG1: 1975 | AH1: 1976 | AI1: 1977 | AJ1: 1978 | AK1: 1979 | AL1: 1980 | AM1: 1981 | AN1: 1982 | AO1: 1983 | AP1: 1984 | AQ1: 1985 | AR1: 1986 | AS1: 1987 | AT1: 1988 | AU1: 1989 | AV1: 1990 | AW1: 1991 | AX1: 1992 | AY1: 1993 | AZ1: 1994 | BA1: 1995 | BB1: 1996 | BC1: 1997 | BD1: 1998 | BE1: 1999 | BF1: 2000 | BG1: 2001 | BH1: 2002 | BI1: 2003 | BJ1: 2004 | BK1: 2005 | BL1: 2006 | BM1: 2007 | BN1: 2008 | BO1: 2009 | BP1: 2010 | BQ1: 2011 | BR1: 2012 | BS1: 2013 | BT1: 2014 | BU1: 2015 | BV1: 2016 | BW1: 2017 | BX1: 2018 | BY1: 2019 | BZ1: 2020 | CA1: 2021 | CB1: 2022 | CC1: 2023 | CD1: 2024 | CE1: 2025
A2: 45467 | B2: 6 | C2: 24 | D2: 0 | E2: 0 | G2: 0 | H2: 0
A3: 45468 | B3: 6 | C3: 25 | D3: 0 | E3: 0 | G3: 0 | H3: 0 | BD3: 0
A4: 45469 | B4: 6 | C4: 26 | D4: 0 | E4: 0 | G4: 0 | H4: 0 | BD4: 0
A5: 45470 | B5: 6 | C5: 27 | D5: 0 | E5: 0 | G5: 0 | H5: 0 | BD5: 0
A6: 45471 | B6: 6 | C6: 28 | D6: 0 | E6: 0 | G6: 0 | H6: 0 | BD6: 0
A7: 45472 | B7: 6 | C7: 29 | D7: 0 | E7: 0 | G7: 0 | H7: 0 | BD7: 0
A8: 45473 | B8: 6 | C8: 30 | D8: 0 | E8: 1 | G8: 0 | H8: 0 | BD8: 0
A9: 45474 | B9: 7 | C9: 1 | D9: 0 | E9: 0 | G9: 0 | H9: 0 | AL9: 3 | AX9: 0.41424115 | BB9: 0.5920701 | BC9: 0.39125088 | BD9: 7 | BH9: 0.17796781
A10: 45475 | B10: 7 | C10: 2 | D10: 0 | E10: 0 | G10: 0 | H10: 0 | AL10: 4 | AX10: 1.0651915 | BA10: 3 | BB10: 1.522466 | BC10: 1.0060737 | BD10: 15 | BH10: 0.45763151
A11: 45476 | B11: 7 | C11: 3 | D11: 0 | E11: 0 | G11: 1 | H11: 0 | N11: 0 | AL11: 22 | AX11: 1.4202554 | BA11: 9 | BB11: 2.0299546 | BC11: 1.3414316 | BD11: 15 | BH11: 0.61017534
A12: 45477 | B12: 7 | C12: 4 | D12: 0 | E12: 0 | G12: 0 | H12: 0 | N12: 1 | AK12: 1 | AL12: 5 | AU12: 1 | AX12: 5.6810215 | BA12: 7 | BB12: 8.1198185 | BC12: 5.3657263 | BD12: 88 | BH12: 2.4407014
A13: 45478 | B13: 7 | C13: 5 | D13: 1 | E13: 2 | G13: 0 | H13: 0 | K13: 5 | M13: 0 | N13: 1 | AK13: 0 | AL13: 27 | AU13: 0 | AX13: 23.197505 | BA13: 15 | BB13: 33.155926 | BC13: 21.910049 | BD13: 377 | BH13: 9.9661972 | BJ13: 15
A14: 45479 | B14: 7 | C14: 6 | D14: 2 | E14: 5 | G14: 1 | H14: 0 | K14: 0 | M14: 1 | N14: 1 | O14: 1 | AK14: 0 | AL14: 6 | AU14: 0 | AX14: 35.447207 | BA14: 37 | BB14: 50.664284 | BC14: 33.479896 | BD14: 562 | BH14: 15.22896 | BJ14: 29 | BV14: 13
A15: 45480 | B15: 7 | C15: 7 | D15: 0 | E15: 0 | G15: 2 | H15: 0 | K15: 0 | M15: 0 | N15: 6 | O15: 0 | AG15: 1 | AK15: 0 | AL15: 16 | AQ15: 1 | AU15: 3 | AX15: 43.317789 | BA15: 36 | BB15: 61.913616 | BC15: 40.913663 | BD15: 692 | BH15: 18.610348 | BJ15: 45 | BL15: 4 | BV15: 20
A16: 45481 | B16: 7 | C16: 8 | D16: 1 | E16: 8 | G16: 1 | H16: 0 | K16: 17 | M16: 1 | N16: 6 | O16: 0 | P16: 40 | S16: 6 | AG16: 0 | AI16: 1 | AK16: 3 | AL16: 4 | AQ16: 3 | AU16: 10 | AW16: 0 | AX16: 63.08301 | AY16: 1 | BA16: 136 | BB16: 90.163818 | BC16: 59.581919 | BD16: 916 | BH16: 27.101955 | BJ16: 82 | BL16: 6 | BV16: 39
A17: 45482 | B17: 7 | C17: 9 | D17: 7 | E17: 10 | G17: 1 | H17: 0 | K17: 20 | M17: 0 | N17: 4 | O17: 0 | P17: 109 | S17: 2 | AG17: 0 | AI17: 3 | AK17: 3 | AL17: 21 | AP17: 2 | AQ17: 0 | AU17: 25 | AW17: 0 | AX17: 120.42582 | AY17: 2 | BA17: 268 | BB17: 172.12324 | BC17: 113.74222 | BD17: 1738 | BH17: 51.737784 | BJ17: 70 | BL17: 2 | BV17: 48 | CD17: 0
A18: 45483 | B18: 7 | C18: 10 | D18: 2 | E18: 4 | G18: 0 | H18: 3 | K18: 13 | M18: 0 | N18: 5 | O18: 2 | P18: 594 | S18: 7 | AB18: 0 | AG18: 1 | AI18: 2 | AK18: 1 | AL18: 160 | AO18: 1 | AP18: 1 | AQ18: 0 | AU18: 39 | AW18: 12 | AX18: 78.528287 | AY18: 6 | BA18: 366 | BB18: 112.23957 | BC18: 74.169988 | BD18: 902 | BH18: 33.737612 | BJ18: 68 | BL18: 3 | BV18: 83 | CD18: 0
A19: 45484 | B19: 7 | C19: 11 | D19: 28 | E19: 9 | G19: 1 | H19: 7 | K19: 30 | M19: 4 | N19: 11 | O19: 1 | P19: 1518 | S19: 3 | AB19: 0 | AE19: 1 | AF19: 1 | AG19: 8 | AI19: 10 | AJ19: 169 | AK19: 1 | AL19: 314 | AN19: 2 | AO19: 0 | AP19: 2 | AQ19: 0 | AU19: 90 | AW19: 6 | AX19: 92.671664 | AY19: 25 | BA19: 491 | BB19: 132.45454 | BC19: 87.52841 | BD19: 950 | BH19: 39.813941 | BJ19: 133 | BL19: 9 | BT19: 0 | BV19: 226 | CD19: 0
A20: 45485 | B20: 7 | C20: 12 | D20: 49 | E20: 15 | G20: 7 | H20: 14 | I20: 0 | K20: 76 | M20: 0 | N20: 22 | O20: 13 | P20: 5299 | R20: 1 | S20: 10 | T20: 0 | U20: 3 | AB20: 3 | AC20: 1 | AE20: 0 | AF20: 9 | AG20: 6 | AI20: 32 | AJ20: 633 | AK20: 7 | AL20: 627 | AM20: 6 | AN20: 4 | AO20: 1 | AP20: 1 | AQ20: 2 | AU20: 217 | AW20: 5 | AX20: 109.89226 | AY20: 41 | BA20: 907 | BB20: 157.06774 | BC20: 103.79327 | BD20: 679 | BH20: 47.212317 | BJ20: 338 | BK20: 3 | BL20: 11 | BP20: 2 | BT20: 0 | BV20: 898 | CD20: 0
A21: 45486 | B21: 7 | C21: 13 | D21: 191 | E21: 14 | G21: 18 | H21: 34 | I21: 0 | K21: 66 | M21: 0 | N21: 13 | O21: 4 | P21: 16625 | R21: 2 | S21: 14 | T21: 3 | U21: 1 | W21: 5 | AB21: 1 | AC21: 5 | AE21: 0 | AF21: 8 | AG21: 7 | AI21: 39 | AJ21: 825 | AK21: 9 | AL21: 1222 | AM21: 26 | AN21: 19 | AO21: 1 | AP21: 0 | AQ21: 3 | AU21: 273 | AW21: 24 | AX21: 153.38758 | AY21: 46 | BA21: 911 | BB21: 219.2351 | BC21: 144.87461 | BD21: 1315 | BH21: 65.898937 | BJ21: 720 | BK21: 0 | BL21: 19 | BP21: 1 | BT21: 11 | BV21: 1169 | BX21: 0 | CD21: 11
A22: 45487 | B22: 7 | C22: 14 | D22: 745 | E22: 35 | G22: 29 | H22: 119 | I22: 0 | K22: 52 | M22: 3 | N22: 13 | O22: 25 | P22: 28114 | R22: 0 | S22: 22 | T22: 1 | U22: 2 | W22: 6 | X22: 0 | AB22: 13 | AC22: 17 | AE22: 0 | AF22: 5 | AG22: 1 | AI22: 71 | AJ22: 1195 | AK22: 21 | AL22: 3325 | AM22: 17 | AN22: 287 | AO22: 3 | AP22: 0 | AQ22: 4 | AS22: 2 | AU22: 451 | AW22: 8 | AX22: 430.86998 | AY22: 138 | AZ22: 1 | BA22: 4879 | BB22: 615.83749 | BC22: 406.9568 | BD22: 1501 | BF22: 7 | BH22: 185.11194 | BJ22: 954 | BK22: 0 | BL22: 35 | BP22: 20 | BT22: 41 | BU22: 3145 | BV22: 1796 | BX22: 0 | CA22: 0 | CD22: 10
A23: 45488 | B23: 7 | C23: 15 | D23: 2410 | E23: 76 | G23: 29 | H23: 395 | I23: 0 | K23: 46 | M23: 1 | N23: 31 | O23: 8 | P23: 24849 | R23: 0 | S23: 22 | T23: 0 | U23: 5 | W23: 11 | X23: 11 | AA23: 4518 | AB23: 8 | AC23: 46 | AE23: 1 | AF23: 11 | AG23: 8 | AI23: 107 | AJ23: 1692 | AK23: 22 | AL23: 6586 | AM23: 44 | AN23: 336 | AO23: 5 | AP23: 0 | AQ23: 3 | AR23: 0 | AS23: 4 | AU23: 914 | AW23: 33 | AX23: 1322.0211 | AY23: 302 | AZ23: 3 | BA23: 19172 | BB23: 1889.5494 | BC23: 1248.6492 | BD23: 1555 | BF23: 13 | BH23: 567.97155 | BJ23: 1134 | BK23: 1 | BL23: 18 | BP23: 64 | BS23: 2 | BT23: 153 | BU23: 8392 | BV23: 2009 | BX23: 0 | CA23: 1 | CB23: 0 | CD23: 13 | CE23: 1
A24: 45489 | B24: 7 | C24: 16 | D24: 4150 | E24: 74 | G24: 29 | H24: 2158 | I24: 1 | K24: 132 | M24: 1 | N24: 37 | O24: 30 | P24: 9236 | R24: 1 | S24: 31 | T24: 0 | U24: 5 | W24: 20 | X24: 31 | Y24: 125 | AA24: 3520 | AB24: 14 | AC24: 34 | AE24: 7 | AF24: 9 | AG24: 12 | AI24: 184 | AJ24: 2433 | AK24: 51 | AL24: 9260 | AM24: 105 | AN24: 1162 | AO24: 14 | AP24: 0 | AQ24: 4 | AR24: 2 | AS24: 2 | AU24: 1246 | AW24: 70 | AX24: 1555.1205 | AY24: 7452 | AZ24: 5 | BA24: 13932 | BB24: 2222.7157 | BC24: 1468.8117 | BD24: 2387 | BF24: 3 | BH24: 668.11657 | BJ24: 1393 | BK24: 13 | BL24: 17 | BO24: 26 | BP24: 55 | BS24: 10 | BT24: 402 | BU24: 5858 | BV24: 3806 | BX24: 0 | BZ24: 0 | CA24: 1 | CB24: 2 | CD24: 128 | CE24: 6
A25: 45490 | B25: 7 | C25: 17 | D25: 751 | E25: 234 | G25: 15 | H25: 3251 | I25: 6 | K25: 251 | M25: 0 | N25: 151 | O25: 19 | P25: 11089 | R25: 1 | S25: 66 | T25: 1 | U25: 7 | W25: 12 | X25: 24 | Y25: 672 | AA25: 2139 | AB25: 70 | AC25: 65 | AE25: 7 | AF25: 9 | AG25: 9 | AI25: 238 | AJ25: 8735 | AK25: 63 | AL25: 6568 | AM25: 120 | AN25: 3598 | AO25: 17 | AP25: 3 | AQ25: 10 | AR25: 4 | AS25: 4 | AU25: 2396 | AW25: 59 | AX25: 1927.5233 | AY25: 8303 | AZ25: 10 | BA25: 15347 | BB25: 2754.9868 | BC25: 1820.5462 | BD25: 2783 | BF25: 38 | BH25: 828.10963 | BI25: 15 | BJ25: 4061 | BK25: 28 | BL25: 15 | BO25: 25 | BP25: 540 | BS25: 49 | BT25: 1696 | BU25: 3269 | BV25: 9440 | BW25: 15 | BX25: 23 | BZ25: 0 | CA25: 0 | CB25: 8 | CD25: 394 | CE25: 5
A26: 45491 | B26: 7 | C26: 18 | D26: 1142 | E26: 5739 | G26: 11 | H26: 5318 | I26: 51 | K26: 648 | M26: 4 | N26: 278 | O26: 20 | P26: 12214 | R26: 1 | S26: 105 | T26: 10 | U26: 2 | W26: 11 | X26: 14 | Y26: 3952 | AA26: 2610 | AB26: 76 | AC26: 69 | AE26: 8 | AF26: 13 | AG26: 8 | AI26: 473 | AJ26: 7458 | AK26: 92 | AL26: 4037 | AM26: 190 | AN26: 2910 | AO26: 39 | AP26: 5 | AQ26: 17 | AR26: 10 | AS26: 3 | AT26: 29 | AU26: 6192 | AW26: 42 | AX26: 1895.7451 | AY26: 7377 | AZ26: 9 | BA26: 13326 | BB26: 2709.5665 | BC26: 1790.5317 | BD26: 1944 | BF26: 132 | BH26: 814.45696 | BI26: 73 | BJ26: 12591 | BK26: 61 | BL26: 53 | BN26: 2 | BO26: 74 | BP26: 2780 | BS26: 125 | BT26: 21215 | BU26: 3300 | BV26: 15174 | BW26: 133 | BX26: 25 | BZ26: 3 | CA26: 0 | CB26: 10 | CD26: 383 | CE26: 17
A27: 45492 | B27: 7 | C27: 19 | D27: 2404 | E27: 8317 | G27: 9 | H27: 5803 | I27: 77 | K27: 8361 | M27: 8 | N27: 245 | O27: 128 | P27: 10902 | Q27: 1 | R27: 1 | S27: 327 | T27: 6 | U27: 0 | W27: 12 | X27: 43 | Y27: 6243 | AA27: 4643 | AB27: 100 | AC27: 189 | AE27: 27 | AF27: 26 | AG27: 8 | AI27: 420 | AJ27: 8774 | AK27: 101 | AL27: 4233 | AM27: 201 | AN27: 8427 | AO27: 65 | AP27: 11 | AQ27: 33 | AR27: 14 | AS27: 13 | AT27: 100 | AU27: 9330 | AW27: 259 | AX27: 2864.0633 | AY27: 11337 | AZ27: 25 | BA27: 15264 | BB27: 4093.5727 | BC27: 2705.1086 | BD27: 2534 | BF27: 986 | BH27: 1230.4694 | BI27: 94 | BJ27: 16029 | BK27: 231 | BL27: 87 | BN27: 1 | BO27: 15 | BP27: 8502 | BS27: 439 | BT27: 58948 | BU27: 4802 | BV27: 3990 | BW27: 1249 | BX27: 62 | BY27: 23 | BZ27: 2 | CA27: 54 | CB27: 10 | CD27: 791 | CE27: 35
A28: 45493 | B28: 7 | C28: 20 | D28: 1689 | E28: 3184 | G28: 13 | H28: 4292 | I28: 376 | K28: 4962 | M28: 13 | N28: 263 | O28: 349 | P28: 8108 | Q28: 0 | R28: 5 | S28: 1194 | T28: 38 | U28: 9 | W28: 21 | X28: 20 | Y28: 4180 | Z28: 30 | AA28: 6189 | AB28: 294 | AC28: 477 | AE28: 41 | AF28: 14 | AG28: 21 | AI28: 740 | AJ28: 8355 | AK28: 125 | AL28: 5009 | AM28: 246 | AN28: 18207 | AO28: 71 | AP28: 24 | AQ28: 36 | AR28: 32 | AS28: 6 | AT28: 1014 | AU28: 7444 | AW28: 690 | AX28: 3852.3836 | AY28: 11399 | AZ28: 30 | BA28: 17125 | BB28: 5506.1674 | BC28: 3638.5773 | BD28: 3637 | BE28: 0 | BF28: 5384 | BH28: 1655.0752 | BI28: 414 | BJ28: 6429 | BK28: 240 | BL28: 401 | BN28: 7 | BO28: 85 | BP28: 14767 | BS28: 404 | BT28: 26854 | BU28: 6711 | BV28: 4552 | BW28: 2621 | BX28: 111 | BY28: 43 | BZ28: 1 | CA28: 28 | CB28: 18 | CC28: 1567 | CD28: 2696 | CE28: 24
A29: 45494 | B29: 7 | C29: 21 | D29: 967 | E29: 1705 | G29: 20 | H29: 3227 | I29: 1150 | K29: 5413 | M29: 7 | N29: 303 | O29: 1786 | P29: 5969 | Q29: 0 | R29: 2 | S29: 1802 | T29: 32 | U29: 26 | W29: 8 | X29: 46 | Y29: 16517 | Z29: 345 | AA29: 8444 | AB29: 207 | AC29: 666 | AE29: 111 | AF29: 17 | AG29: 17 | AI29: 6671 | AJ29: 7160 | AK29: 245 | AL29: 6919 | AM29: 345 | AN29: 28499 | AO29: 258 | AP29: 22 | AQ29: 61 | AR29: 39 | AS29: 120 | AT29: 2085 | AU29: 9572 | AV29: 35 | AW29: 1153 | AX29: 4709.2118 | AY29: 12660 | AZ29: 76 | BA29: 19127 | BB29: 6730.8221 | BC29: 4447.8518 | BD29: 3238 | BE29: 7 | BF29: 2626 | BH29: 2023.1889 | BI29: 907 | BJ29: 5152 | BK29: 2973 | BL29: 3668 | BN29: 15 | BO29: 111 | BP29: 10029 | BS29: 442 | BT29: 23148 | BU29: 10722 | BV29: 2341 | BW29: 4555 | BX29: 7343 | BY29: 47 | BZ29: 9 | CA29: 46 | CB29: 25 | CC29: 12301 | CD29: 5925 | CE29: 176
A30: 45495 | B30: 7 | C30: 22 | D30: 1387 | E30: 963 | G30: 17 | H30: 1908 | I30: 1125 | J30: 0 | K30: 4597 | M30: 9 | N30: 453 | O30: 3057 | P30: 5786 | Q30: 0 | R30: 1 | S30: 8628 | T30: 88 | U30: 50 | W30: 34 | X30: 32 | Y30: 27869 | Z30: 1597 | AA30: 5170 | AB30: 521 | AC30: 1263 | AE30: 247 | AF30: 45 | AG30: 27 | AH30: 1 | AI30: 10581 | AJ30: 4815 | AK30: 242 | AL30: 8429 | AM30: 1082 | AN30: 24124 | AO30: 1269 | AP30: 41 | AQ30: 65 | AR30: 77 | AS30: 1215 | AT30: 2363 | AU30: 10400 | AV30: 177 | AW30: 12161 | AX30: 6030.5227 | AY30: 15591 | AZ30: 44 | BA30: 20893 | BB30: 8619.3565 | BC30: 5695.8303 | BD30: 5740 | BE30: 40 | BF30: 7666 | BG30: 40 | BH30: 2590.8553 | BI30: 3760 | BJ30: 4278 | BK30: 2726 | BL30: 32534 | BN30: 63 | BO30: 128 | BP30: 9368 | BS30: 763 | BT30: 23258 | BU30: 6546 | BV30: 1793 | BW30: 7301 | BX30: 22336 | BY30: 72 | BZ30: 8 | CA30: 228 | CB30: 45 | CC30: 14743 | CD30: 11449 | CE30: 438
A31: 45496 | B31: 7 | C31: 23 | D31: 1944 | E31: 991 | G31: 42 | H31: 5796 | I31: 1799 | J31: 0 | K31: 5394 | L31: 144 | M31: 17 | N31: 1249 | O31: 1580 | P31: 5112 | Q31: 2 | R31: 5 | S31: 30575 | T31: 62 | U31: 72 | W31: 22 | X31: 69 | Y31: 8942 | Z31: 6545 | AA31: 6592 | AB31: 351 | AC31: 1878 | AE31: 1534 | AF31: 56 | AG31: 366 | AH31: 0 | AI31: 16349 | AJ31: 4239 | AK31: 202 | AL31: 8051 | AM31: 2618 | AN31: 34432 | AO31: 5867 | AP31: 111 | AQ31: 117 | AR31: 64 | AS31: 6194 | AT31: 9085 | AU31: 11293 | AV31: 623 | AW31: 38820 | AX31: 10717.01 | AY31: 13780 | AZ31: 272 | BA31: 20946 | BB31: 15317.699 | BC31: 10122.219 | BD31: 5228 | BE31: 44 | BF31: 18556 | BG31: 15668 | BH31: 4604.2814 | BI31: 2670 | BJ31: 3860 | BK31: 4274 | BL31: 43535 | BN31: 688 | BO31: 2017 | BP31: 9079 | BR31: 8 | BS31: 855 | BT31: 19763 | BU31: 12251 | BV31: 2081 | BW31: 9539 | BX31: 12261 | BY31: 108 | BZ31: 7 | CA31: 914 | CB31: 47 | CC31: 9937 | CD31: 25407 | CE31: 915
A32: 45497 | B32: 7 | C32: 24 | D32: 1330 | E32: 603 | G32: 88 | H32: 4163 | I32: 2611 | J32: 0 | K32: 11743 | L32: 500 | M32: 26 | N32: 2469 | O32: 1401 | P32: 6976 | Q32: 6 | R32: 7 | S32: 11566 | T32: 213 | U32: 68 | W32: 37 | X32: 425 | Y32: 3758 | Z32: 13602 | AA32: 4417 | AB32: 3812 | AC32: 2714 | AE32: 3435 | AF32: 133 | AG32: 6486 | AH32: 0 | AI32: 8430 | AJ32: 4006 | AK32: 438 | AL32: 6623 | AM32: 6512 | AN32: 27106 | AO32: 7649 | AP32: 239 | AQ32: 586 | AR32: 82 | AS32: 10677 | AT32: 14783 | AU32: 14526 | AV32: 1356 | AW32: 39758 | AX32: 16243.579 | AY32: 22948 | AZ32: 441 | BA32: 23027 | BB32: 23216.76 | BC32: 15342.065 | BD32: 2875 | BE32: 123 | BF32: 47127 | BG32: 61187 | BH32: 6978.6262 | BI32: 3406 | BJ32: 2803 | BK32: 6869 | BL32: 45339 | BN32: 9805 | BO32: 1895 | BP32: 6667 | BR32: 84 | BS32: 7628 | BT32: 12174 | BU32: 9130 | BV32: 3132 | BW32: 7985 | BX32: 6750 | BY32: 198 | BZ32: 13 | CA32: 2167 | CB32: 51 | CC32: 7061 | CD32: 13068 | CE32: 5524
A33: 45498 | B33: 7 | C33: 25 | D33: 1517 | E33: 801 | G33: 123 | H33: 4376 | I33: 3510 | J33: 0 | K33: 8559 | L33: 3242 | M33: 104 | N33: 2769 | O33: 2862 | P33: 12913 | Q33: 8 | R33: 7 | S33: 8277 | T33: 34 | U33: 222 | W33: 54 | X33: 925 | Y33: 3847 | Z33: 20813 | AA33: 3416 | AB33: 3533 | AC33: 4158 | AE33: 3742 | AF33: 562 | AG33: 10049 | AH33: 0 | AI33: 4472 | AJ33: 5918 | AK33: 2506 | AL33: 6450 | AM33: 12472 | AN33: 23264 | AO33: 12611 | AP33: 1000 | AQ33: 5839 | AR33: 136 | AS33: 28073 | AT33: 24002 | AU33: 15006 | AV33: 956 | AW33: 19960 | AX33: 19841.441 | AY33: 27068 | AZ33: 1843 | BA33: 21872 | BB33: 28359.143 | BC33: 18740.246 | BD33: 2505 | BE33: 289 | BF33: 74793 | BG33: 76071 | BH33: 8524.3529 | BI33: 24203 | BJ33: 3707 | BK33: 8780 | BL33: 30386 | BN33: 22326 | BO33: 2797 | BP33: 6108 | BR33: 93 | BS33: 11792 | BT33: 16576 | BU33: 7504 | BV33: 2822 | BW33: 4487 | BX33: 12179 | BY33: 473 | BZ33: 18 | CA33: 2722 | CB33: 212 | CC33: 7448 | CD33: 15166 | CE33: 12331
A34: 45499 | B34: 7 | C34: 26 | D34: 2660 | E34: 1179 | G34: 1151 | H34: 4671 | I34: 3784 | J34: 0 | K34: 4404 | L34: 3502 | M34: 88 | N34: 3653 | O34: 13473 | P34: 15869 | Q34: 30 | R34: 8 | S34: 8048 | T34: 399 | U34: 723 | W34: 368 | X34: 1743 | Y34: 4703 | Z34: 25662 | AA34: 6357 | AB34: 6288 | AC34: 5691 | AE34: 6002 | AF34: 900 | AG34: 7643 | AH34: 0 | AI34: 3118 | AJ34: 6321 | AK34: 4609 | AL34: 7368 | AM34: 43734 | AN34: 7397 | AO34: 13794 | AP34: 2783 | AQ34: 5895 | AR34: 505 | AS34: 31981 | AT34: 28927 | AU34: 16966 | AV34: 1794 | AW34: 10221 | AX34: 14781.308 | AY34: 31699 | AZ34: 2092 | BA34: 15246 | BB34: 21126.753 | BC34: 13960.949 | BD34: 1130 | BE34: 1004 | BF34: 24889 | BG34: 53457 | BH34: 6350.3999 | BI34: 40875 | BJ34: 4003 | BK34: 12916 | BL34: 14163 | BN34: 59868 | BO34: 1737 | BP34: 8732 | BR34: 96 | BS34: 9512 | BT34: 18566 | BU34: 6578 | BV34: 2485 | BW34: 4692 | BX34: 11526 | BY34: 444 | BZ34: 13 | CA34: 4581 | CB34: 843 | CC34: 13797 | CD34: 18159 | CE34: 31816
A35: 45500 | B35: 7 | C35: 27 | D35: 3345 | E35: 1517 | G35: 2610 | H35: 5439 | I35: 3717 | J35: 1 | K35: 3819 | L35: 4449 | M35: 288 | N35: 10243 | O35: 14436 | P35: 13888 | Q35: 205 | R35: 7 | S35: 8279 | T35: 1211 | U35: 2270 | W35: 556 | X35: 1911 | Y35: 4668 | Z35: 18613 | AA35: 5660 | AB35: 797 | AC35: 16200 | AE35: 14790 | AF35: 3836 | AG35: 10825 | AH35: 0 | AI35: 2999 | AJ35: 4457 | AK35: 9333 | AL35: 6695 | AM35: 49755 | AN35: 6534 | AO35: 8261 | AP35: 8011 | AQ35: 7377 | AR35: 3352 | AS35: 27495 | AT35: 16673 | AU35: 22883 | AV35: 3878 | AW35: 8377 | AX35: 15151.166 | AY35: 37306 | AZ35: 6607 | BA35: 18246 | BB35: 21655.387 | BC35: 14310.28 | BD35: 2912 | BE35: 2903 | BF35: 18313 | BG35: 56902 | BH35: 6509.2997 | BI35: 48933 | BJ35: 6290 | BK35: 7742 | BL35: 13719 | BN35: 37700 | BO35: 1126 | BP35: 8575 | BR35: 577 | BS35: 7428 | BT35: 28226 | BU35: 6512 | BV35: 4574 | BW35: 6091 | BX35: 13454 | BY35: 367 | BZ35: 19 | CA35: 12554 | CB35: 5397 | CC35: 23332 | CD35: 16399 | CE35: 27517
A36: 45501 | B36: 7 | C36: 28 | D36: 2290 | E36: 1657 | G36: 3861 | H36: 4790 | I36: 2689 | J36: 4 | K36: 3626 | L36: 10744 | M36: 863 | N36: 3490 | O36: 7489 | P36: 12510 | Q36: 253 | R36: 31 | S36: 10003 | T36: 2644 | U36: 5162 | W36: 913 | X36: 1684 | Y36: 5131 | Z36: 9339 | AA36: 6858 | AB36: 6151 | AC36: 9684 | AE36: 32596 | AF36: 16677 | AG36: 12943 | AH36: 0 | AI36: 5782 | AJ36: 7547 | AK36: 14971 | AL36: 5564 | AM36: 54995 | AN36: 6554 | AO36: 10657 | AP36: 12538 | AQ36: 19362 | AR36: 4949 | AS36: 11251 | AT36: 28192 | AU36: 18270 | AV36: 15088 | AW36: 7380 | AX36: 15463.277 | AY36: 39206 | AZ36: 8287 | BA36: 17185 | BB36: 1141 | BC36: 14605.069 | BD36: 2400 | BE36: 3792 | BF36: 21480 | BG36: 48943 | BH36: 6643.39 | BI36: 17051 | BJ36: 9557 | BK36: 7728 | BL36: 13481 | BN36: 35252 | BO36: 15012 | BP36: 8166 | BR36: 1935 | BS36: 4686 | BT36: 28784 | BU36: 4652 | BV36: 4196 | BW36: 5819 | BX36: 15322 | BY36: 341 | BZ36: 34 | CA36: 11493 | CB36: 4229 | CC36: 23942 | CD36: 15879 | CE36: 32065
A37: 45502 | B37: 7 | C37: 29 | D37: 2764 | E37: 2445 | G37: 3496 | H37: 4725 | I37: 2328 | J37: 20 | K37: 4490 | L37: 15071 | M37: 880 | N37: 3703 | O37: 6728 | P37: 10720 | Q37: 7295 | R37: 42 | S37: 15075 | T37: 4054 | U37: 1962 | W37: 2665 | X37: 697 | Y37: 7711 | Z37: 5664 | AA37: 5276 | AB37: 6990 | AC37: 6982 | AE37: 58358 | AF37: 31658 | AG37: 14134 | AH37: 1 | AI37: 8244 | AJ37: 6462 | AK37: 32180 | AL37: 2955 | AM37: 52272 | AN37: 8306 | AO37: 13086 | AP37: 14749 | AQ37: 39705 | AR37: 7287 | AS37: 16670 | AT37: 18963 | AU37: 16966 | AV37: 20470 | AW37: 11305 | AX37: 9663 | AY37: 44716 | AZ37: 19897 | BA37: 16171 | BB37: 5428 | BC37: 5235 | BD37: 3075 | BE37: 4538 | BF37: 23895 | BG37: 56397 | BH37: 7704.5747 | BI37: 10932 | BJ37: 15157 | BK37: 14032 | BL37: 14891 | BN37: 43687 | BO37: 33440 | BP37: 8055 | BR37: 2474 | BS37: 5440 | BT37: 27926 | BU37: 5374 | BV37: 4804 | BW37: 7328 | BX37: 20858 | BY37: 449 | BZ37: 33 | CA37: 7839 | CB37: 28914 | CC37: 22516 | CD37: 14197 | CE37: 15784
A38: 45503 | B38: 7 | C38: 30 | D38: 5097 | E38: 4547 | G38: 4524 | H38: 3204 | I38: 2346 | J38: 39 | K38: 5262 | L38: 10025 | M38: 1114 | N38: 4856 | O38: 6643 | P38: 9810 | Q38: 19544 | R38: 113 | S38: 17332 | T38: 8011 | U38: 5224 | W38: 9073 | X38: 2530 | Y38: 9856 | Z38: 4764 | AA38: 7020 | AB38: 18550 | AC38: 8158 | AE38: 51889 | AF38: 56709 | AG38: 9006 | AH38: 1 | AI38: 7954 | AJ38: 9097 | AK38: 53106 | AL38: 2932 | AM38: 49342 | AN38: 14386 | AO38: 21431 | AP38: 15851 | AQ38: 67016 | AR38: 4868 | AS38: 17997 | AT38: 15490 | AU38: 14964 | AV38: 24471 | AW38: 10552 | AX38: 21401 | AY38: 30308 | AZ38: 29168 | BA38: 17745 | BB38: 26710 | BC38: 11382 | BD38: 5033 | BE38: 2092 | BF38: 23850 | BG38: 33428 | BH38: 8820.124 | BI38: 13402 | BJ38: 18584 | BK38: 10861 | BL38: 13539 | BN38: 26490 | BO38: 77923 | BP38: 8205 | BR38: 20871 | BS38: 7010 | BT38: 31775 | BU38: 6226 | BV38: 7345 | BW38: 6275 | BX38: 23637 | BY38: 1284 | BZ38: 33 | CA38: 7531 | CB38: 78670 | CC38: 20667 | CD38: 9611 | CE38: 25301
A39: 45504 | B39: 7 | C39: 31 | D39: 4220 | E39: 4776 | G39: 4375 | H39: 3641 | I39: 2292 | J39: 50 | K39: 3893 | L39: 3374 | M39: 2340 | N39: 5926 | O39: 6041 | P39: 8300 | Q39: 17546 | R39: 373 | S39: 14287 | T39: 8924 | U39: 6520 | W39: 17885 | X39: 7975 | Y39: 11064 | Z39: 5761 | AA39: 4926 | AB39: 22208 | AC39: 10336 | AE39: 45913 | AF39: 40525 | AG39: 5939 | AH39: 2 | AI39: 9392 | AJ39: 6207 | AK39: 66698 | AL39: 3154 | AM39: 41193 | AN39: 20579 | AO39: 20050 | AP39: 24937 | AQ39: 89368 | AR39: 9658 | AS39: 30986 | AT39: 26871 | AU39: 17770 | AV39: 21154 | AW39: 12492 | AX39: 26125 | AY39: 11349 | AZ39: 33083 | BA39: 19642 | BB39: 88638 | BC39: 5038 | BD39: 6541 | BE39: 3257 | BF39: 30386 | BG39: 29099 | BH39: 11389.166 | BI39: 17865 | BJ39: 15206 | BK39: 12236 | BL39: 18221 | BN39: 45017 | BO39: 27171 | BP39: 11951 | BR39: 48195 | BS39: 8560 | BT39: 27571 | BU39: 6644 | BV39: 9164 | BW39: 6144 | BX39: 18060 | BY39: 2033 | BZ39: 63 | CA39: 16022 | CB39: 95995 | CC39: 17592 | CD39: 10056 | CE39: 20898
A40: 45505 | B40: 8 | C40: 1 | D40: 6808 | E40: 5239 | G40: 2422 | H40: 3566 | I40: 2177 | J40: 65 | K40: 3322 | L40: 2275 | M40: 2734 | N40: 5980 | O40: 5254 | P40: 7829 | Q40: 8152 | R40: 957 | S40: 16323 | T40: 7528 | U40: 10034 | W40: 29213 | X40: 20822 | Y40: 13830 | Z40: 9030 | AA40: 8373 | AB40: 11059 | AC40: 10767 | AE40: 34293 | AF40: 26099 | AG40: 13970 | AH40: 3 | AI40: 12305 | AJ40: 6871 | AK40: 57826 | AL40: 6006 | AM40: 41330 | AN40: 26603 | AO40: 19118 | AP40: 37879 | AQ40: 97002 | AR40: 12886 | AS40: 31657 | AT40: 29017 | AU40: 12191 | AV40: 24209 | AW40: 16308 | AX40: 29630 | AY40: 14022 | AZ40: 28910 | BA40: 27566 | BB40: 163394 | BC40: 3751 | BD40: 8255 | BE40: 26841 | BF40: 31322 | BG40: 7497 | BH40: 14004.777 | BI40: 17413 | BJ40: 20244 | BK40: 13917 | BL40: 21883 | BN40: 30325 | BO40: 13078 | BP40: 13426 | BR40: 52663 | BS40: 8515 | BT40: 26853 | BU40: 7055 | BV40: 5811 | BW40: 15338 | BX40: 21004 | BY40: 2210 | BZ40: 114 | CA40: 14123 | CB40: 114013 | CC40: 20674 | CD40: 17509 | CE40: 21974
A41: 45506 | B41: 8 | C41: 2 | D41: 11074 | E41: 3209 | G41: 3472 | H41: 4248 | I41: 2554 | J41: 64 | K41: 3647 | L41: 2110 | M41: 2536 | N41: 2936 | O41: 6111 | P41: 7720 | Q41: 4493 | R41: 1028 | S41: 8542 | T41: 12345 | U41: 11806 | W41: 26417 | X41: 22576 | Y41: 14579 | Z41: 15364 | AA41: 8316 | AB41: 19618 | AC41: 13520 | AD41: 18000 | AE41: 40115 | AF41: 22714 | AG41: 15065 | AH41: 18 | AI41: 10577 | AJ41: 9099 | AK41: 43848 | AL41: 6135 | AM41: 44539 | AN41: 29475 | AO41: 20726 | AP41: 43745 | AQ41: 87819 | AR41: 33099 | AS41: 50281 | AT41: 31768 | AU41: 9404 | AV41: 23390 | AW41: 19419 | AX41: 25173 | AY41: 8259 | AZ41: 21954 | BA41: 13375 | BB41: 100969 | BC41: 12725 | BD41: 14224 | BE41: 46804 | BF41: 18715 | BG41: 20168 | BH41: 13646.78 | BI41: 18772 | BJ41: 21724 | BK41: 10615 | BL41: 16416 | BN41: 26473 | BO41: 23097 | BP41: 24913 | BR41: 67975 | BS41: 7175 | BT41: 21710 | BU41: 11015 | BV41: 10040 | BW41: 13668 | BX41: 25869 | BY41: 1296 | BZ41: 210 | CA41: 13548 | CB41: 89313 | CC41: 23236 | CD41: 22287 | CE41: 21755
A42: 45507 | B42: 8 | C42: 3 | D42: 5782 | E42: 3308 | G42: 3480 | H42: 4791 | I42: 3192 | J42: 65 | K42: 5813 | L42: 1777 | M42: 2241 | N42: 6807 | O42: 7990 | P42: 6319 | Q42: 2817 | R42: 1949 | S42: 15495 | T42: 4429 | U42: 14559 | W42: 9414 | X42: 14452 | Y42: 16786 | Z42: 21008 | AA42: 9493 | AB42: 25271 | AC42: 20541 | AD42: 1574 | AE42: 42183 | AF42: 16273 | AG42: 22005 | AH42: 23 | AI42: 12823 | AJ42: 10172 | AK42: 39463 | AL42: 4570 | AM42: 41630 | AN42: 35474 | AO42: 20226 | AP42: 30583 | AQ42: 86143 | AR42: 33849 | AS42: 48509 | AT42: 35122 | AU42: 12891 | AV42: 24009 | AW42: 32361 | AX42: 13628 | AY42: 7957 | AZ42: 12882 | BA42: 20184 | BB42: 50154 | BC42: 7566 | BD42: 12627 | BE42: 23968 | BF42: 21195 | BG42: 9937 | BH42: 11653.72 | BI42: 17485 | BJ42: 17895 | BK42: 9153 | BL42: 26258 | BN42: 24397 | BO42: 21534 | BP42: 21157 | BR42: 69961 | BS42: 10871 | BT42: 33295 | BU42: 7823 | BV42: 9751 | BW42: 11245 | BX42: 34799 | BY42: 2591 | BZ42: 398 | CA42: 13343 | CB42: 55807 | CC42: 18972 | CD42: 19292 | CE42: 23051
A43: 45508 | B43: 8 | C43: 4 | D43: 8315 | E43: 4297 | G43: 2830 | H43: 8312 | I43: 3239 | J43: 50 | K43: 8305 | L43: 2087 | M43: 1728 | N43: 5808 | O43: 9637 | P43: 7294 | Q43: 2806 | R43: 2961 | S43: 15519 | T43: 3536 | U43: 11640 | W43: 6956 | X43: 10521 | Y43: 12013 | Z43: 25828 | AA43: 6738 | AB43: 21127 | AC43: 13475 | AD43: 9381 | AE43: 27319 | AF43: 21352 | AG43: 28679 | AH43: 44 | AI43: 9803 | AJ43: 2989 | AK43: 33409 | AL43: 4697 | AM43: 44120 | AN43: 37652 | AO43: 23743 | AP43: 25308 | AQ43: 75080 | AR43: 27680 | AS43: 56361 | AT43: 38351 | AU43: 12096 | AV43: 26010 | AW43: 34383 | AX43: 17940 | AY43: 8590 | AZ43: 25789 | BA43: 26860 | BB43: 35789 | BC43: 5558 | BD43: 11349 | BE43: 11606 | BF43: 15768 | BG43: 14280 | BH43: 11457.67 | BI43: 22489 | BJ43: 16523 | BK43: 10706 | BL43: 25404 | BN43: 18921 | BO43: 19427 | BP43: 18989 | BR43: 36866 | BS43: 10681 | BT43: 31385 | BU43: 14794 | BV43: 18868 | BW43: 10544 | BX43: 39905 | BY43: 2385 | BZ43: 1039 | CA43: 14442 | CB43: 51890 | CC43: 16892 | CD43: 21374 | CE43: 21060
A44: 45509 | B44: 8 | C44: 5 | D44: 9806 | E44: 4344 | G44: 3344 | H44: 5988 | I44: 3730 | J44: 34 | K44: 9011 | L44: 1788 | M44: 1138 | N44: 7339 | O44: 10584 | P44: 7624 | Q44: 4542 | R44: 2889 | S44: 32502 | T44: 4627 | U44: 9439 | W44: 8884 | X44: 6432 | Y44: 10236 | Z44: 28070 | AA44: 11547 | AB44: 13891 | AC44: 18793 | AD44: 13766 | AE44: 23101 | AF44: 16902 | AG44: 27485 | AH44: 42 | AI44: 19065 | AJ44: 7260 | AK44: 27879 | AL44: 5580 | AM44: 41885 | AN44: 32897 | AO44: 24729 | AP44: 30098 | AQ44: 74697 | AR44: 28974 | AS44: 57523 | AT44: 42000 | AU44: 21057 | AV44: 27410 | AW44: 33551 | AX44: 18278 | AY44: 32242 | AZ44: 16535 | BA44: 20631 | BB44: 33336 | BC44: 9236 | BD44: 13985 | BE44: 19134 | BF44: 28328 | BG44: 17881 | BH44: 12588.52 | BI44: 40410 | BJ44: 17964 | BK44: 5585 | BL44: 16083 | BN44: 19327 | BO44: 26063 | BP44: 16208 | BR44: 73444 | BS44: 10251 | BT44: 40112 | BU44: 16101 | BV44: 19664 | BW44: 13591 | BX44: 53399 | BY44: 3297 | BZ44: 3504 | CA44: 15262 | CB44: 70075 | CC44: 16129 | CD44: 27737 | CE44: 28324
A45: 45510 | B45: 8 | C45: 6 | D45: 10498 | E45: 5241 | G45: 6545 | H45: 5372 | I45: 4370 | J45: 53 | K45: 12201 | L45: 1781 | M45: 1114 | N45: 7527 | O45: 11580 | P45: 5287 | Q45: 4784 | R45: 8190 | S45: 24361 | T45: 3475 | U45: 8033 | W45: 10126 | X45: 9309 | Y45: 13492 | Z45: 26052 | AA45: 17431 | AB45: 12967 | AC45: 20932 | AD45: 13085 | AE45: 14041 | AF45: 14270 | AG45: 28632 | AH45: 326 | AI45: 25906 | AJ45: 7377 | AK45: 27181 | AL45: 7310 | AM45: 46566 | AN45: 43124 | AO45: 26219 | AP45: 38217 | AQ45: 77809 | AR45: 23583 | AS45: 51334 | AT45: 33907 | AU45: 22181 | AV45: 27281 | AW45: 26736 | AX45: 15041 | AY45: 21428 | AZ45: 13728 | BA45: 22402 | BB45: 32478 | BC45: 12462 | BD45: 11231 | BE45: 20003 | BF45: 13779 | BG45: 36326 | BH45: 12302.118 | BI45: 34540 | BJ45: 14939 | BK45: 8172 | BL45: 17910 | BN45: 55010 | BO45: 21616 | BP45: 21577 | BR45: 21507 | BS45: 7032 | BT45: 29948 | BU45: 19296 | BV45: 18377 | BW45: 10566 | BX45: 43425 | BY45: 2874 | BZ45: 4743 | CA45: 14442 | CB45: 68883 | CC45: 14773 | CD45: 38420 | CE45: 37716
A46: 45511 | B46: 8 | C46: 7 | D46: 11644 | E46: 8792 | G46: 4377 | H46: 4839 | I46: 3738 | J46: 42 | K46: 11945 | L46: 1490 | M46: 2147 | N46: 6156 | O46: 7834 | P46: 3323 | Q46: 6191 | R46: 18130 | S46: 26901 | T46: 3929 | U46: 8188 | W46: 14534 | X46: 9851 | Y46: 14561 | Z46: 25299 | AA46: 12284 | AB46: 11978 | AC46: 25357 | AD46: 13025 | AE46: 13466 | AF46: 10309 | AG46: 30054 | AH46: 779 | AI46: 29541 | AJ46: 16649 | AK46: 28388 | AL46: 6483 | AM46: 42698 | AN46: 35435 | AO46: 23165 | AP46: 37482 | AQ46: 70751 | AR46: 24173 | AS46: 44102 | AT46: 22310 | AU46: 29550 | AV46: 26092 | AW46: 33262 | AX46: 16418 | AY46: 31314 | AZ46: 22061 | BA46: 28420 | BB46: 34758 | BC46: 13312 | BD46: 11931 | BE46: 21631 | BF46: 30114 | BG46: 26914 | BH46: 12603.064 | BI46: 24002 | BJ46: 14574 | BK46: 7836 | BL46: 24433 | BM46: 3311 | BN46: 20683 | BO46: 19323 | BP46: 20883 | BR46: 59491 | BS46: 8882 | BT46: 30708 | BU46: 25668 | BV46: 18952 | BW46: 14393 | BX46: 47107 | BY46: 3184 | BZ46: 16808 | CA46: 16530 | CB46: 59944 | CC46: 22916 | CD46: 48720 | CE46: 34150
A47: 45512 | B47: 8 | C47: 8 | D47: 7580 | E47: 7846 | G47: 2823 | H47: 4449 | I47: 3190 | J47: 44 | K47: 12608 | L47: 1876 | M47: 1406 | N47: 7537 | O47: 8966 | P47: 5538 | Q47: 9131 | R47: 7478 | S47: 22981 | T47: 5902 | U47: 19664 | W47: 18503 | X47: 8671 | Y47: 16543 | Z47: 17774 | AA47: 10823 | AB47: 12232 | AC47: 19345 | AD47: 14415 | AE47: 16179 | AF47: 12679 | AG47: 23637 | AH47: 2269 | AI47: 44142 | AJ47: 11279 | AK47: 25966 | AL47: 5949 | AM47: 38851 | AN47: 34743 | AO47: 22277 | AP47: 35952 | AQ47: 63305 | AR47: 20238 | AS47: 45130 | AT47: 13897 | AU47: 29817 | AV47: 22928 | AW47: 38679 | AX47: 24383 | AY47: 24940 | AZ47: 24073 | BA47: 34225 | BB47: 33352 | BC47: 13251 | BD47: 13353 | BE47: 17866 | BF47: 59024 | BG47: 42108 | BH47: 11581 | BI47: 39623 | BJ47: 15947 | BK47: 10636 | BL47: 5673 | BM47: 19230 | BN47: 27513 | BO47: 13946 | BP47: 17801 | BR47: 28380 | BS47: 10326 | BT47: 24490 | BU47: 26600 | BV47: 18507 | BW47: 14328 | BX47: 33458 | BY47: 4182 | BZ47: 38215 | CA47: 16642 | CB47: 46621 | CC47: 23414 | CD47: 63001 | CE47: 35618
A48: 45513 | B48: 8 | C48: 9 | D48: 12383 | E48: 9159 | G48: 6884 | H48: 5759 | I48: 3259 | J48: 71 | K48: 10512 | L48: 1755 | M48: 765 | N48: 5929 | O48: 7485 | P48: 5653 | Q48: 17080 | R48: 5615 | S48: 15378 | T48: 7301 | U48: 19664 | W48: 19366 | X48: 8158 | Y48: 15603 | Z48: 25909 | AA48: 12567 | AB48: 12679 | AC48: 19122 | AD48: 12570 | AE48: 16864 | AF48: 11170 | AG48: 28506 | AH48: 5701 | AI48: 55368 | AJ48: 12426 | AK48: 25143 | AL48: 7079 | AM48: 37673 | AN48: 34608 | AO48: 19198 | AP48: 27428 | AQ48: 54201 | AR48: 18748 | AS48: 40853 | AT48: 19924 | AU48: 27575 | AV48: 26497 | AW48: 27570 | AX48: 17643 | AY48: 38641 | AZ48: 27996 | BA48: 39615 | BB48: 62598 | BC48: 10200 | BD48: 19839 | BE48: 13849 | BF48: 77305 | BG48: 86609 | BH48: 9798 | BI48: 34826 | BJ48: 19521 | BK48: 12469 | BL48: 8260 | BM48: 20706 | BN48: 51903 | BO48: 13940 | BP48: 13285 | BR48: 89218 | BS48: 9256 | BT48: 21583 | BU48: 25507 | BV48: 21921 | BW48: 19472 | BX48: 33729 | BY48: 3237 | BZ48: 111788 | CA48: 20154 | CB48: 63259 | CC48: 18863 | CD48: 79924 | CE48: 34768
A49: 45514 | B49: 8 | C49: 10 | D49: 12319 | E49: 8584 | G49: 4579 | H49: 6772 | I49: 2872 | J49: 256 | K49: 10761 | L49: 1429 | M49: 735 | N49: 5504 | O49: 8798 | P49: 7089 | Q49: 15129 | R49: 6404 | S49: 17991 | T49: 12617 | U49: 23923 | W49: 25225 | X49: 8460 | Y49: 16198 | Z49: 15132 | AA49: 9927 | AB49: 8874 | AC49: 17647 | AD49: 13358 | AE49: 13137 | AF49: 10976 | AG49: 19329 | AH49: 10847 | AI49: 52180 | AJ49: 7255 | AK49: 26314 | AL49: 8996 | AM49: 35818 | AN49: 27659 | AO49: 16547 | AP49: 18677 | AQ49: 54634 | AR49: 18406 | AS49: 40419 | AT49: 20761 | AU49: 35921 | AV49: 30404 | AW49: 18183 | AX49: 21690 | AY49: 27273 | AZ49: 14681 | BA49: 37353 | BB49: 47599 | BC49: 12088 | BD49: 13636 | BE49: 10411 | BF49: 73396 | BG49: 25061 | BH49: 17409 | BI49: 46014 | BJ49: 18598 | BK49: 11068 | BL49: 38276 | BM49: 18206 | BN49: 18491 | BO49: 14293 | BP49: 13932 | BQ49: 3476 | BR49: 31323 | BS49: 10620 | BT49: 25202 | BU49: 30553 | BV49: 20639 | BW49: 19437 | BX49: 37586 | BY49: 5343 | BZ49: 86479 | CA49: 14708 | CB49: 64587 | CC49: 22734 | CD49: 38971 | CE49: 29119
A50: 45515 | B50: 8 | C50: 11 | D50: 9435 | E50: 9622 | G50: 3966 | H50: 5743 | I50: 2340 | J50: 579 | K50: 13041 | L50: 2613 | M50: 948 | N50: 4761 | O50: 6581 | P50: 12529 | Q50: 25719 | R50: 5198 | S50: 26249 | T50: 13892 | U50: 34224 | W50: 20752 | X50: 15391 | Y50: 11659 | Z50: 18746 | AA50: 12693 | AB50: 6307 | AC50: 15635 | AD50: 17926 | AE50: 13943 | AF50: 12989 | AG50: 16127 | AH50: 16023 | AI50: 53717 | AJ50: 3998 | AK50: 25102 | AL50: 8713 | AM50: 34048 | AN50: 32425 | AO50: 23104 | AP50: 23837 | AQ50: 38930 | AR50: 15768 | AS50: 40436 | AT50: 22741 | AU50: 33215 | AV50: 33520 | AW50: 22635 | AX50: 21367 | AY50: 25855 | AZ50: 57058 | BA50: 27084 | BB50: 68664 | BC50: 12953 | BD50: 7626 | BE50: 10757 | BF50: 75325 | BG50: 31982 | BH50: 17360 | BI50: 49468 | BJ50: 21524 | BK50: 15112 | BL50: 12085 | BM50: 16508 | BN50: 26255 | BO50: 19468 | BP50: 13400 | BQ50: 26922 | BR50: 84730 | BS50: 13403 | BT50: 23133 | BU50: 33253 | BV50: 18244 | BW50: 19151 | BX50: 34586 | BY50: 9392 | BZ50: 35412 | CA50: 16338 | CB50: 73637 | CC50: 35192 | CD50: 21416 | CE50: 32963
A51: 45516 | B51: 8 | C51: 12 | D51: 12559 | E51: 10963 | G51: 3581 | H51: 6537 | I51: 1967 | J51: 1568 | K51: 12502 | L51: 4084 | M51: 885 | N51: 7160 | O51: 5944 | P51: 15803 | Q51: 22513 | R51: 6051 | S51: 16876 | T51: 19198 | U51: 34470 | W51: 20916 | X51: 8320 | Y51: 11987 | Z51: 17953 | AA51: 11435 | AB51: 6487 | AC51: 20994 | AD51: 21570 | AE51: 16231 | AF51: 12166 | AG51: 15165 | AH51: 23335 | AI51: 49845 | AJ51: 8543 | AK51: 25066 | AL51: 12328 | AM51: 36056 | AN51: 26040 | AO51: 26359 | AP51: 18275 | AQ51: 39376 | AR51: 22632 | AS51: 41869 | AT51: 23343 | AU51: 33500 | AV51: 33707 | AW51: 22826 | AX51: 24794 | AY51: 44577 | AZ51: 21927 | BA51: 33402 | BB51: 13013 | BC51: 5676 | BD51: 17789 | BE51: 9660 | BF51: 46683 | BG51: 115838 | BH51: 18554 | BI51: 37896 | BJ51: 21547 | BK51: 16037 | BL51: 22817 | BM51: 11780 | BN51: 48621 | BO51: 14594 | BP51: 13703 | BQ51: 26240 | BR51: 26839 | BS51: 13533 | BT51: 41604 | BU51: 30869 | BV51: 11978 | BW51: 16993 | BX51: 36527 | BY51: 11825 | BZ51: 19400 | CA51: 15412 | CB51: 83099 | CC51: 27523 | CD51: 80340 | CE51: 43628
A52: 45517 | B52: 8 | C52: 13 | D52: 9595 | E52: 10947 | G52: 4044 | H52: 7245 | I52: 1773 | J52: 2970 | K52: 14323 | L52: 5687 | M52: 1624 | N52: 8039 | O52: 5812 | P52: 14161 | Q52: 35526 | R52: 5199 | S52: 25046 | T52: 17706 | U52: 32246 | W52: 20434 | X52: 6926 | Y52: 13025 | Z52: 15514 | AA52: 9483 | AB52: 7879 | AC52: 17476 | AD52: 27453 | AE52: 9664 | AF52: 10830 | AG52: 13250 | AH52: 23003 | AI52: 50159 | AJ52: 6445 | AK52: 26585 | AL52: 17840 | AM52: 32908 | AN52: 17729 | AO52: 25765 | AP52: 30320 | AQ52: 42145 | AR52: 19485 | AS52: 38359 | AT52: 27492 | AU52: 30086 | AV52: 28509 | AW52: 22986 | AX52: 26150 | AY52: 22460 | AZ52: 35523 | BA52: 26073 | BB52: 78796 | BC52: 6012 | BD52: 10355 | BE52: 8442 | BF52: 72625 | BG52: 51573 | BH52: 14986 | BI52: 40826 | BJ52: 24422 | BK52: 13639 | BL52: 35478 | BM52: 14903 | BN52: 18137 | BO52: 14650 | BP52: 16324 | BQ52: 3700 | BR52: 71698 | BS52: 12524 | BT52: 23097 | BU52: 31135 | BV52: 12618 | BW52: 15134 | BX52: 45335 | BY52: 10728 | BZ52: 26860 | CA52: 17212 | CB52: 74332 | CC52: 12479 | CD52: 150484 | CE52: 32862
A53: 45518 | B53: 8 | C53: 14 | D53: 8037 | E53: 9339 | G53: 4005 | H53: 6682 | I53: 1471 | J53: 5841 | K53: 14848 | L53: 5806 | M53: 1022 | N53: 5940 | O53: 2920 | P53: 12374 | Q53: 33022 | R53: 5283 | S53: 17303 | T53: 26379 | U53: 34092 | W53: 18992 | X53: 8183 | Y53: 11517 | Z53: 8134 | AA53: 8607 | AB53: 11098 | AC53: 16411 | AD53: 32284 | AE53: 13797 | AF53: 11315 | AG53: 15701 | AH53: 25000 | AI53: 42930 | AJ53: 8575 | AK53: 24781 | AL53: 9933 | AM53: 35154 | AN53: 25766 | AO53: 24401 | AP53: 30436 | AQ53: 37931 | AR53: 17637 | AS53: 37926 | AT53: 36948 | AU53: 31569 | AV53: 36663 | AW53: 19679 | AX53: 30164 | AY53: 26873 | AZ53: 25687 | BA53: 22367 | BB53: 57654 | BC53: 29244 | BD53: 10966 | BE53: 7883 | BF53: 75650 | BG53: 64829 | BH53: 13865 | BI53: 46052 | BJ53: 29435 | BK53: 10452 | BL53: 8978 | BM53: 17048 | BN53: 27819 | BO53: 15825 | BP53: 15588 | BQ53: 67668 | BR53: 28352 | BS53: 12026 | BT53: 29948 | BU53: 20861 | BV53: 31949 | BW53: 25046 | BX53: 34857 | BY53: 7064 | BZ53: 26661 | CA53: 15719 | CB53: 92534 | CC53: 5784 | CD53: 128763 | CE53: 17593
A54: 45519 | B54: 8 | C54: 15 | D54: 7858 | E54: 9839 | G54: 4953 | H54: 5362 | I54: 1428 | J54: 8629 | K54: 16842 | L54: 5421 | M54: 1402 | N54: 7805 | O54: 4959 | P54: 14010 | Q54: 35756 | R54: 7504 | S54: 14744 | T54: 24376 | U54: 22699 | W54: 22264 | X54: 7075 | Y54: 12090 | Z54: 17643 | AA54: 4181 | AB54: 10777 | AC54: 18041 | AD54: 26846 | AE54: 13051 | AF54: 19424 | AG54: 20857 | AH54: 24840 | AI54: 34392 | AJ54: 6651 | AK54: 22274 | AL54: 10280 | AM54: 41285 | AN54: 25134 | AO54: 29337 | AP54: 11208 | AQ54: 44876 | AR54: 17220 | AS54: 32612 | AT54: 39975 | AU54: 27940 | AV54: 28177 | AW54: 26986 | AX54: 35406 | AY54: 22010 | AZ54: 26189 | BA54: 28671 | BB54: 64312 | BC54: 13490 | BD54: 14198 | BE54: 8684 | BF54: 57694 | BG54: 84658 | BH54: 22762 | BI54: 49713 | BJ54: 21779 | BK54: 16295 | BL54: 22159 | BM54: 21565 | BN54: 31858 | BO54: 16330 | BP54: 12736 | BQ54: 48465 | BR54: 57816 | BS54: 8399 | BT54: 43402 | BU54: 20873 | BV54: 27329 | BW54: 21607 | BX54: 36366 | BY54: 12234 | BZ54: 24790 | CA54: 16959 | CB54: 92188 | CC54: 16786 | CD54: 45914 | CE54: 30103
A55: 45520 | B55: 8 | C55: 16 | D55: 8076 | E55: 8513 | G55: 5772 | H55: 3401 | I55: 1174 | J55: 9684 | K55: 19839 | L55: 5263 | M55: 2380 | N55: 12839 | O55: 4510 | P55: 14848 | Q55: 31398 | R55: 6426 | S55: 12742 | T55: 25725 | U55: 25209 | W55: 15089 | X55: 9610 | Y55: 10004 | Z55: 8477 | AA55: 4024 | AB55: 11744 | AC55: 20895 | AD55: 30054 | AE55: 17759 | AF55: 18493 | AG55: 27387 | AH55: 22529 | AI55: 25930 | AJ55: 5680 | AK55: 23094 | AL55: 12830 | AM55: 40015 | AN55: 29105 | AO55: 26290 | AP55: 26924 | AQ55: 48933 | AR55: 16808 | AS55: 28450 | AT55: 47862 | AU55: 34971 | AV55: 19929 | AW55: 22026 | AX55: 32361 | AY55: 54187 | AZ55: 23888 | BA55: 25723 | BB55: 101824 | BC55: 13268 | BD55: 5382 | BE55: 13084 | BF55: 102723 | BG55: 33547 | BH55: 17429 | BI55: 54971 | BJ55: 40463 | BK55: 6025 | BL55: 28328 | BM55: 14007 | BN55: 13471 | BO55: 23777 | BP55: 14038 | BQ55: 5140 | BR55: 22766 | BS55: 9109 | BT55: 35514 | BU55: 19376 | BV55: 31255 | BW55: 23681 | BX55: 28944 | BY55: 10798 | BZ55: 20179 | CA55: 12328 | CB55: 97518 | CC55: 33306 | CD55: 97022 | CE55: 22928
A56: 45521 | B56: 8 | C56: 17 | D56: 7984 | E56: 6193 | G56: 6748 | H56: 3551 | I56: 1243 | J56: 8135 | K56: 21438 | L56: 4420 | M56: 2282 | N56: 11761 | O56: 5066 | P56: 12003 | Q56: 33391 | R56: 7876 | S56: 14100 | T56: 25996 | U56: 21501 | W56: 13336 | X56: 7184 | Y56: 12344 | Z56: 9486 | AA56: 3549 | AB56: 15712 | AC56: 20801 | AD56: 29174 | AE56: 13538 | AF56: 21183 | AG56: 24205 | AH56: 23787 | AI56: 27486 | AJ56: 9447 | AK56: 27210 | AL56: 12776 | AM56: 42324 | AN56: 28289 | AO56: 27969 | AP56: 20916 | AQ56: 49756 | AR56: 17956 | AS56: 29187 | AT56: 41964 | AU56: 32407 | AV56: 18425 | AW56: 18214 | AX56: 28140 | AY56: 44247 | AZ56: 23612 | BA56: 24333 | BB56: 76621 | BC56: 26416 | BD56: 10775 | BE56: 12547 | BF56: 112729 | BG56: 47758 | BH56: 13283 | BI56: 42920 | BJ56: 26391 | BK56: 10686 | BL56: 25779 | BM56: 10211 | BN56: 17668 | BO56: 12557 | BP56: 13995 | BQ56: 23548 | BR56: 56535 | BS56: 9216 | BT56: 42120 | BU56: 19390 | BV56: 26663 | BW56: 25981 | BX56: 28934 | BY56: 11490 | BZ56: 10856 | CA56: 19737 | CB56: 90296 | CC56: 34990 | CD56: 95923 | CE56: 10578
A57: 45522 | B57: 8 | C57: 18 | D57: 8739 | E57: 6177 | G57: 5868 | H57: 3724 | I57: 1422 | J57: 7682 | K57: 26757 | L57: 4128 | M57: 3735 | N57: 11863 | O57: 5653 | P57: 18719 | Q57: 33310 | R57: 7171 | S57: 16356 | T57: 27808 | U57: 18937 | W57: 15596 | X57: 7684 | Y57: 11350 | Z57: 10524 | AA57: 2060 | AB57: 13347 | AC57: 19388 | AD57: 31227 | AE57: 11185 | AF57: 17281 | AG57: 34239 | AH57: 24570 | AI57: 25013 | AJ57: 6145 | AK57: 27964 | AL57: 10643 | AM57: 35812 | AN57: 26242 | AO57: 30491 | AP57: 24529 | AQ57: 37442 | AR57: 15550 | AS57: 28512 | AT57: 44271 | AU57: 32496 | AV57: 20794 | AW57: 16123 | AX57: 26583 | AY57: 38165 | AZ57: 28897 | BA57: 25717 | BB57: 74145 | BC57: 24470 | BD57: 5920 | BE57: 10596 | BF57: 59512 | BG57: 83822 | BH57: 12262 | BI57: 34251 | BJ57: 15124 | BK57: 11116 | BL57: 26925 | BM57: 19850 | BN57: 29070 | BO57: 12261 | BP57: 19635 | BQ57: 54430 | BR57: 24554 | BS57: 6951 | BT57: 72319 | BU57: 28044 | BV57: 30983 | BW57: 26028 | BX57: 35533 | BY57: 11610 | BZ57: 22424 | CA57: 21931 | CB57: 91030 | CC57: 44049 | CD57: 145434 | CE57: 5605
A58: 45523 | B58: 8 | C58: 19 | D58: 11977 | E58: 5909 | G58: 6174 | H58: 4516 | I58: 2279 | J58: 3398 | K58: 26102 | L58: 4911 | M58: 2731 | N58: 14671 | O58: 6913 | P58: 11081 | Q58: 31109 | R58: 7284 | S58: 15385 | T58: 21701 | U58: 18433 | W58: 17107 | X58: 8427 | Y58: 12621 | Z58: 10166 | AA58: 1334 | AB58: 16426 | AC58: 19100 | AD58: 23855 | AE58: 13778 | AF58: 19480 | AG58: 31958 | AH58: 22128 | AI58: 22177 | AJ58: 7202 | AK58: 26759 | AL58: 11386 | AM58: 34506 | AN58: 32870 | AO58: 27714 | AP58: 29481 | AQ58: 24542 | AR58: 13132 | AS58: 29753 | AT58: 54154 | AU58: 33249 | AV58: 22333 | AW58: 17047 | AX58: 21841 | AY58: 26266 | AZ58: 32402 | BA58: 24385 | BB58: 12438 | BC58: 24639 | BD58: 11183 | BE58: 12601 | BF58: 70336 | BG58: 42436 | BH58: 8923 | BI58: 16723 | BJ58: 18437 | BK58: 16224 | BL58: 39927 | BM58: 16128 | BN58: 9483 | BO58: 15448 | BP58: 20530 | BQ58: 45042 | BR58: 44975 | BS58: 7103 | BT58: 51083 | BU58: 29037 | BV58: 24633 | BW58: 22427 | BX58: 34205 | BY58: 9042 | BZ58: 28606 | CA58: 27069 | CB58: 72106 | CC58: 35597 | CD58: 113035 | CE58: 20734
A59: 45524 | B59: 8 | C59: 20 | D59: 13969 | E59: 5274 | G59: 7687 | H59: 4463 | I59: 2981 | J59: 1997 | K59: 27299 | L59: 6577 | M59: 3713 | N59: 20492 | O59: 5536 | P59: 18012 | Q59: 28990 | R59: 6653 | S59: 17986 | T59: 18177 | U59: 21803 | W59: 15018 | X59: 7561 | Y59: 14683 | Z59: 8720 | AA59: 1255 | AB59: 13017 | AC59: 19242 | AD59: 21792 | AE59: 21548 | AF59: 15749 | AG59: 39145 | AH59: 19539 | AI59: 16935 | AJ59: 6950 | AK59: 29809 | AL59: 9414 | AM59: 28683 | AN59: 33438 | AO59: 27730 | AP59: 29703 | AQ59: 21643 | AR59: 18942 | AS59: 27177 | AT59: 43056 | AU59: 33341 | AV59: 23260 | AW59: 12111 | AX59: 24648 | AY59: 40681 | AZ59: 25907 | BA59: 26233 | BB59: 36591 | BC59: 24166 | BD59: 10570 | BE59: 5868 | BF59: 68439 | BG59: 42297 | BH59: 21561 | BI59: 21902 | BJ59: 7659 | BK59: 26272 | BL59: 14707 | BM59: 12561 | BN59: 10948 | BO59: 16696 | BP59: 17195 | BQ59: 38678 | BR59: 31640 | BS59: 6467 | BT59: 63291 | BU59: 31723 | BV59: 25876 | BW59: 25164 | BX59: 37502 | BY59: 13059 | BZ59: 23829 | CA59: 30370 | CB59: 73676 | CC59: 24273 | CD59: 80112 | CE59: 44490
A60: 45525 | B60: 8 | C60: 21 | D60: 17636 | E60: 5418 | G60: 7946 | H60: 5154 | I60: 3680 | J60: 2505 | K60: 26005 | L60: 6911 | M60: 2429 | N60: 16049 | O60: 4456 | P60: 9719 | Q60: 35815 | R60: 4727 | S60: 23155 | T60: 6478 | U60: 22935 | W60: 20854 | X60: 8711 | Y60: 13305 | Z60: 14051 | AA60: 2005 | AB60: 19590 | AC60: 21149 | AD60: 19995 | AE60: 25161 | AF60: 12789 | AG60: 34733 | AH60: 17735 | AI60: 22673 | AJ60: 12141 | AK60: 31679 | AL60: 11675 | AM60: 32170 | AN60: 25317 | AO60: 28770 | AP60: 27507 | AQ60: 22195 | AR60: 20043 | AS60: 30938 | AT60: 44499 | AU60: 30348 | AV60: 25362 | AW60: 15184 | AX60: 18086 | AY60: 55098 | AZ60: 23583 | BA60: 25840 | BB60: 62776 | BC60: 27243 | BD60: 9235 | BE60: 9874 | BF60: 57878 | BG60: 57452 | BH60: 24533 | BI60: 24648 | BJ60: 15472 | BK60: 17783 | BL60: 21578 | BM60: 12034 | BN60: 27628 | BO60: 14975 | BP60: 17095 | BQ60: 40449 | BR60: 37526 | BS60: 5928 | BT60: 36599 | BU60: 32310 | BV60: 32991 | BW60: 20285 | BX60: 35133 | BY60: 11271 | BZ60: 20385 | CA60: 28720 | CB60: 72023 | CC60: 44764 | CD60: 67942 | CE60: 32436
... A83: 45548 | B83: 9 | C83: 13 | D83: 2779 | E83: 831 | G83: 5417 | H83: 2137 | I83: 1033 | J83: 14843 | K83: 1216 | L83: 2315 | M83: 126 | N83: 1815 | O83: 1986 | P83: 8930 | Q83: 2448 | R83: 1333 | S83: 2784 | T83: 1220 | U83: 466 | W83: 921 | X83: 829 | Y83: 1630 | Z83: 118 | AA83: 5679 | AB83: 584 | AC83: 4215 | AD83: 1712 | AE83: 421 | AF83: 1639 | AG83: 981 | AH83: 2078 | AI83: 916 | AJ83: 917 | AK83: 2384 | AL83: 2789 | AM83: 1337 | AN83: 1751 | AO83: 2220 | AP83: 3455 | AQ83: 18674 | AR83: 3530 | AS83: 5503 | AT83: 7653 | AU83: 1862 | AV83: 4795 | AW83: 10889 | AX83: 19388 | AY83: 8749 | AZ83: 8425 | BA83: 28226 | BB83: 8344 | BC83: 27989 | BD83: 3865 | BE83: 6233 | BF83: 4766 | BG83: 20623 | BH83: 3634 | BI83: 3558 | BJ83: 5233 | BK83: 7810 | BL83: 17020 | BM83: 6169 | BN83: 5660 | BO83: 2471 | BP83: 1362 | BQ83: 8836 | BR83: 0 | BS83: 423 | BT83: 7178 | BU83: 16395 | BV83: 6838 | BW83: 6682 | BX83: 7753 | BY83: 15254 | BZ83: 22222 | CA83: 22492 | CB83: 10400 | CC83: 4204 | CD83: 2734 | CE83: 5096
A84: 45549 | B84: 9 | C84: 14 | D84: 2053 | E84: 739 | G84: 4351 | H84: 1655 | I84: 964 | J84: 15121 | K84: 887 | L84: 1453 | M84: 135 | N84: 1385 | O84: 2281 | P84: 5766 | Q84: 3446 | R84: 1017 | S84: 2712 | T84: 1129 | X84: 719 | Y84: 1247 | Z84: 215 | AA84: 4572 | AB84: 611 | AC84: 5496 | AD84: 1498 | AE84: 267 | AF84: 1946 | AG84: 847 | AH84: 2155 | AI84: 705 | AJ84: 612 | AK84: 1193 | AL84: 2479 | AM84: 968 | AN84: 1671 | AO84: 2561 | AP84: 3792 | AQ84: 17500 | AR84: 4032 | AS84: 3825 | AT84: 7373 | AU84: 2026 | AV84: 3634 | AW84: 10220 | AX84: 12368 | AY84: 9017 | AZ84: 10663 | BA84: 23161 | BB84: 7155 | BC84: 16999 | BD84: 3899 | BE84: 5356 | BF84: 2714 | BG84: 11369 | BH84: 2620 | BI84: 3851 | BJ84: 2948 | BK84: 7398 | BL84: 17736 | BM84: 2442 | BN84: 6025 | BO84: 3116 | BP84: 1324 | BQ84: 4103 | BR84: 3326 | BS84: 387 | BT84: 9158 | BU84: 11688 | BV84: 6089 | BW84: 3561 | BX84: 6138 | BY84: 9094 | BZ84: 19622 | CA84: 13605 | CB84: 10642 | CC84: 7324 | CD84: 1811 | CE84: 3677
A85: 45550 | B85: 9 | C85: 15 | D85: 1723 | E85: 995 | G85: 3084 | H85: 1658 | I85: 1049 | J85: 12392 | K85: 651 | L85: 1175 | M85: 104 | N85: 775 | O85: 1685 | P85: 4685 | Q85: 3563 | R85: 1071 | S85: 3234 | T85: 1071 | X85: 1010 | Y85: 1171 | AA85: 3746 | AB85: 283 | AC85: 4824 | AD85: 1087 | AE85: 266 | AF85: 1812 | AG85: 487 | AH85: 1778 | AI85: 840 | AJ85: 343 | AK85: 897 | AL85: 2840 | AM85: 1513 | AN85: 1747 | AO85: 2562 | AP85: 2982 | AQ85: 11651 | AR85: 3463 | AS85: 2347 | AT85: 4162 | AU85: 1429 | AV85: 3854 | AW85: 9368 | AX85: 9641 | AY85: 8303 | AZ85: 7291 | BA85: 18199 | BB85: 8105 | BC85: 18617 | BD85: 4153 | BE85: 6821 | BF85: 3551 | BG85: 12815 | BH85: 2805 | BI85: 2936 | BJ85: 1987 | BK85: 10741 | BL85: 12275 | BM85: 7158 | BN85: 3953 | BO85: 1753 | BP85: 994 | BQ85: 2201 | BR85: 2612 | BS85: 304 | BT85: 11320 | BU85: 11680 | BV85: 6745 | BW85: 5692 | BX85: 6700 | BY85: 9185 | BZ85: 21430 | CA85: 16365 | CB85: 7945 | CC85: 5945 | CD85: 1572 | CE85: 2990
A86: 45551 | B86: 9 | C86: 16 | D86: 1505 | E86: 686 | G86: 2214 | H86: 1244 | I86: 969 | J86: 12458 | K86: 661 | L86: 1104 | M86: 78 | N86: 549 | O86: 1969 | P86: 3202 | Q86: 1659 | R86: 1103 | S86: 2400 | T86: 850 | Y86: 850 | AA86: 2990 | AC86: 5096 | AD86: 830 | AF86: 1476 | AG86: 390 | AH86: 1081 | AI86: 890 | AJ86: 332 | AK86: 1158 | AL86: 2025 | AM86: 778 | AN86: 2495 | AO86: 1964 | AP86: 2636 | AQ86: 7632 | AR86: 3096 | AS86: 2126 | AT86: 2979 | AU86: 867 | AV86: 4649 | AW86: 7465 | AX86: 13737 | AY86: 9340 | AZ86: 6784 | BA86: 10710 | BB86: 5650 | BC86: 17886 | BD86: 2427 | BE86: 4689 | BF86: 4326 | BG86: 13462 | BH86: 3691 | BI86: 2810 | BJ86: 2308 | BK86: 6343 | BL86: 13680 | BM86: 3316 | BN86: 3834 | BO86: 1729 | BP86: 936 | BQ86: 3747 | BR86: 1635 | BS86: 388 | BT86: 8031 | BU86: 10049 | BV86: 7986 | BW86: 6817 | BX86: 7414 | BY86: 10527 | BZ86: 17473 | CA86: 13183 | CB86: 7467 | CC86: 4756 | CD86: 1216 | CE86: 1945
A87: 45552 | B87: 9 | C87: 17 | D87: 1094 | E87: 438 | G87: 1576 | H87: 1079 | I87: 1148 | J87: 12527 | K87: 652 | L87: 602 | M87: 30 | N87: 697 | O87: 1688 | P87: 2961 | Q87: 1837 | R87: 579 | S87: 2075 | T87: 586 | Y87: 713 | AA87: 2162 | AC87: 5516 | AD87: 742 | AF87: 1043 | AG87: 112 | AH87: 973 | AI87: 680 | AJ87: 295 | AK87: 1480 | AL87: 1827 | AM87: 849 | AN87: 2045 | AO87: 1149 | AP87: 2730 | AQ87: 6697 | AR87: 2444 | AS87: 1361 | AT87: 2576 | AU87: 793 | AV87: 2542 | AW87: 5824 | AX87: 6882 | AY87: 7734 | AZ87: 4230 | BA87: 13864 | BB87: 4478 | BC87: 14438 | BD87: 3334 | BE87: 3918 | BF87: 3929 | BG87: 16341 | BH87: 2203 | BI87: 1880 | BJ87: 2713 | BK87: 10182 | BL87: 9425 | BM87: 3249 | BN87: 3132 | BO87: 1312 | BP87: 787 | BQ87: 4711 | BR87: 1369 | BS87: 291 | BT87: 9447 | BU87: 10338 | BV87: 7762 | BW87: 6963 | BX87: 7339 | BY87: 11410 | BZ87: 13697 | CA87: 9683 | CB87: 6134 | CC87: 3771 | CD87: 1570 | CE87: 1728
A88: 45553 | B88: 9 | C88: 18 | D88: 868 | E88: 290 | G88: 1169 | H88: 704 | I88: 1101 | J88: 10711 | K88: 464 | L88: 348 | M88: 37 | N88: 437 | O88: 1306 | P88: 2329 | Q88: 1629 | R88: 485 | S88: 2031 | T88: 587 | Y88: 577 | AA88: 2075 | AC88: 5007 | AD88: 353 | AF88: 857 | AG88: 221 | AH88: 578 | AI88: 830 | AJ88: 172 | AK88: 1750 | AL88: 1634 | AM88: 802 | AN88: 1379 | AO88: 1539 | AP88: 2365 | AQ88: 6081 | AR88: 1634 | AS88: 1654 | AT88: 2150 | AU88: 677 | AV88: 2801 | AW88: 5446 | AX88: 8528 | AY88: 6119 | AZ88: 4496 | BA88: 13039 | BB88: 3935 | BC88: 18161 | BD88: 1827 | BE88: 5359 | BF88: 2892 | BG88: 9612 | BH88: 1807 | BI88: 1703 | BJ88: 3516 | BK88: 7159 | BL88: 5672 | BM88: 3544 | BN88: 2908 | BO88: 594 | BP88: 882 | BQ88: 5022 | BR88: 2003 | BS88: 166 | BT88: 10145 | BU88: 8008 | BV88: 5866 | BW88: 9208 | BX88: 8766 | BY88: 9800 | BZ88: 18909 | CA88: 3682 | CB88: 6635 | CC88: 4142 | CD88: 1906 | CE88: 900
A89: 45554 | B89: 9 | C89: 19 | D89: 1297 | E89: 233 | G89: 1326 | H89: 648 | I89: 1182 | J89: 10210 | K89: 526 | L89: 362 | M89: 29 | N89: 370 | O89: 1496 | P89: 1814 | Q89: 1059 | R89: 368 | S89: 1545 | T89: 632 | Y89: 528 | AA89: 2437 | AC89: 3114 | AD89: 347 | AF89: 686 | AG89: 96 | AH89: 466 | AI89: 775 | AJ89: 199 | AK89: 2485 | AL89: 1010 | AM89: 700 | AN89: 965 | AO89: 1245 | AP89: 2314 | AQ89: 3797 | AR89: 2314 | AS89: 1383 | AT89: 1620 | AU89: 686 | AV89: 3283 | AW89: 6072 | AX89: 7226 | AY89: 5497 | AZ89: 4159 | BA89: 7264 | BB89: 2987 | BC89: 16638 | BD89: 1692 | BE89: 4452 | BF89: 3014 | BG89: 9388 | BH89: 1370 | BI89: 1545 | BJ89: 4312 | BK89: 8046 | BL89: 3798 | BM89: 3334 | BN89: 1848 | BO89: 281 | BP89: 1044 | BQ89: 4702 | BR89: 644 | BS89: 102 | BT89: 12000 | BU89: 5866 | BV89: 5351 | BW89: 9121 | BX89: 7810 | BY89: 10760 | BZ89: 16165 | CA89: 4320 | CB89: 6004 | CC89: 5673 | CD89: 1535 | CE89: 663
A90: 45555 | B90: 9 | C90: 20 | D90: 1451 | E90: 326 | G90: 1272 | H90: 354 | I90: 1234 | J90: 8106 | K90: 305 | L90: 260 | M90: 12 | N90: 378 | O90: 1243 | P90: 1216 | Q90: 820 | R90: 347 | S90: 1692 | T90: 378 | Y90: 497 | AA90: 1807 | AC90: 2185 | AD90: 134 | AG90: 139 | AH90: 417 | AI90: 773 | AJ90: 288 | AK90: 414 | AL90: 1502 | AM90: 652 | AN90: 1156 | AO90: 1449 | AP90: 1807 | AQ90: 3169 | AR90: 1684 | AS90: 1457 | AT90: 1125 | AU90: 739 | AV90: 2241 | AW90: 4824 | AX90: 6882 | AY90: 7825 | AZ90: 3172 | BA90: 7191 | BB90: 2788 | BC90: 8897 | BD90: 1572 | BE90: 5540 | BF90: 1714 | BG90: 7134 | BH90: 892 | BI90: 1659 | BJ90: 3516 | BK90: 7179 | BL90: 1566 | BM90: 2643 | BN90: 1588 | BO90: 243 | BP90: 542 | BQ90: 4455 | BR90: 453 | BS90: 127 | BT90: 12883 | BU90: 5543 | BV90: 4188 | BW90: 10556 | BX90: 8157 | BY90: 8663 | BZ90: 16602 | CB90: 4777 | CC90: 3885 | CD90: 687 | CE90: 703
A91: 45556 | B91: 9 | C91: 21 | D91: 970 | E91: 562 | G91: 934 | H91: 660 | I91: 1007 | J91: 6914 | K91: 156 | L91: 184 | M91: 21 | N91: 294 | O91: 928 | P91: 1072 | Q91: 858 | R91: 253 | S91: 909 | T91: 540 | Y91: 252 | AA91: 720 | AC91: 1807 | AG91: 110 | AH91: 374 | AI91: 813 | AJ91: 305 | AK91: 840 | AL91: 917 | AM91: 864 | AN91: 696 | AO91: 1329 | AP91: 1167 | AQ91: 3926 | AR91: 1422 | AS91: 1146 | AT91: 922 | AU91: 639 | AV91: 2401 | AW91: 3561 | AX91: 2550 | AY91: 3148 | AZ91: 3500 | BA91: 5144 | BB91: 3261 | BC91: 9833 | BD91: 1459 | BE91: 3708 | BF91: 1249 | BG91: 4110 | BH91: 881 | BI91: 976 | BJ91: 2585 | BK91: 6405 | BL91: 749 | BM91: 2452 | BN91: 1129 | BO91: 124 | BP91: 694 | BQ91: 4807 | BR91: 635 | BS91: 45 | BT91: 6366 | BU91: 12370 | BV91: 3464 | BW91: 7317 | BX91: 6095 | BY91: 5812 | BZ91: 12999 | CB91: 4554 | CC91: 1302 | CD91: 892 | CE91: 590
A92: 45557 | B92: 9 | C92: 22 | D92: 412 | E92: 388 | G92: 1098 | H92: 711 | I92: 763 | J92: 6373 | K92: 173 | L92: 211 | M92: 15 | N92: 250 | O92: 724 | P92: 901 | Q92: 818 | R92: 276 | T92: 245 | Y92: 222 | AC92: 1354 | AG92: 106 | AH92: 320 | AI92: 632 | AJ92: 154 | AK92: 660 | AL92: 1337 | AM92: 360 | AN92: 658 | AO92: 973 | AP92: 1175 | AQ92: 3881 | AS92: 950 | AT92: 1317 | AU92: 729 | AV92: 1856 | AW92: 3467 | AX92: 3469 | AY92: 2624 | AZ92: 2715 | BA92: 2340 | BB92: 2376 | BC92: 6339 | BD92: 1145 | BE92: 3185 | BF92: 1542 | BG92: 3453 | BH92: 850 | BI92: 1353 | BJ92: 3483 | BK92: 5812 | BL92: 746 | BM92: 2567 | BN92: 781 | BP92: 640 | BQ92: 3467 | BR92: 464 | BS92: 13 | BT92: 4155 | BU92: 8512 | BV92: 3161 | BW92: 4521 | BX92: 4456 | BY92: 6455 | BZ92: 10943 | CB92: 3637 | CC92: 666 | CD92: 1758 | CE92: 534
A93: 45558 | B93: 9 | C93: 23 | D93: 620 | E93: 289 | G93: 758 | H93: 327 | I93: 965 | J93: 5404 | K93: 143 | L93: 302 | M93: 9 | N93: 150 | O93: 589 | P93: 651 | Q93: 747 | R93: 354 | Y93: 186 | AC93: 901 | AG93: 113 | AH93: 231 | AI93: 593 | AJ93: 114 | AK93: 585 | AL93: 866 | AM93: 286 | AN93: 586 | AO93: 999 | AP93: 1267 | AQ93: 4172 | AS93: 761 | AT93: 860 | AU93: 606 | AV93: 1946 | AW93: 4717 | AX93: 3395 | AY93: 2558 | AZ93: 1787 | BA93: 2176 | BB93: 2467 | BC93: 6952 | BD93: 1026 | BE93: 3114 | BF93: 1403 | BG93: 2767 | BH93: 537 | BI93: 1175 | BJ93: 2457 | BK93: 5292 | BL93: 1042 | BM93: 1762 | BN93: 668 | BP93: 705 | BQ93: 3674 | BR93: 465 | BS93: 0 | BT93: 2650 | BU93: 9728 | BV93: 3354 | BW93: 3170 | BX93: 2645 | BY93: 4740 | BZ93: 8858 | CB93: 2859 | CC93: 416 | CD93: 2139 | CE93: 333
A94: 45559 | B94: 9 | C94: 24 | D94: 590 | E94: 260 | G94: 666 | H94: 265 | I94: 690 | J94: 5293 | K94: 99 | L94: 285 | M94: 11 | N94: 120 | O94: 640 | P94: 620 | Q94: 632 | R94: 271 | AC94: 475 | AG94: 108 | AH94: 218 | AI94: 423 | AJ94: 131 | AK94: 660 | AL94: 977 | AM94: 139 | AN94: 335 | AO94: 555 | AP94: 802 | AQ94: 2051 | AS94: 326 | AT94: 534 | AU94: 239 | AV94: 2139 | AW94: 3480 | AX94: 2061 | AY94: 3420 | AZ94: 1518 | BA94: 1814 | BB94: 2925 | BC94: 9669 | BD94: 613 | BE94: 4011 | BF94: 2422 | BG94: 3037 | BH94: 453 | BI94: 714 | BJ94: 2140 | BK94: 6722 | BL94: 1745 | BM94: 1859 | BN94: 575 | BP94: 477 | BQ94: 3120 | BR94: 532 | BS94: 0 | BT94: 3729 | BU94: 6732 | BV94: 2857 | BW94: 2766 | BX94: 1444 | BY94: 2397 | BZ94: 6216 | CB94: 2617 | CC94: 407 | CD94: 895 | CE94: 480
A95: 45560 | B95: 9 | C95: 25 | D95: 295 | E95: 324 | G95: 794 | H95: 91 | I95: 432 | J95: 3716 | K95: 112 | L95: 462 | M95: 7 | N95: 111 | O95: 513 | P95: 393 | Q95: 580 | R95: 233 | AG95: 148 | AH95: 267 | AI95: 311 | AJ95: 124 | AK95: 580 | AL95: 688 | AM95: 139 | AN95: 21 | AP95: 629 | AQ95: 1600 | AS95: 196 | AT95: 454 | AU95: 302 | AV95: 1650 | AW95: 3038 | AX95: 771 | AY95: 1676 | AZ95: 1665 | BA95: 1739 | BB95: 2170 | BC95: 7808 | BD95: 174 | BE95: 3609 | BF95: 1652 | BG95: 2675 | BH95: 359 | BI95: 1324 | BJ95: 1731 | BK95: 3568 | BL95: 2179 | BM95: 1245 | BN95: 440 | BP95: 1024 | BQ95: 2139 | BR95: 354 | BS95: 32 | BT95: 2655 | BU95: 5667 | BV95: 3712 | BW95: 2995 | BX95: 963 | BY95: 1681 | BZ95: 5247 | CB95: 2171 | CC95: 423 | CD95: 515 | CE95: 248
A96: 45561 | B96: 9 | C96: 26 | D96: 253 | E96: 238 | G96: 534 | H96: 88 | I96: 307 | J96: 2424 | K96: 142 | L96: 245 | M96: 9 | N96: 101 | O96: 535 | P96: 329 | Q96: 360 | R96: 192 | AG96: 119 | AH96: 80 | AI96: 252 | AJ96: 97 | AK96: 600 | AL96: 229 | AM96: 47 | AN96: 136 | AP96: 514 | AQ96: 1368 | AS96: 315 | AT96: 489 | AU96: 159 | AV96: 974 | AW96: 2763 | AX96: 1287 | AY96: 2551 | AZ96: 1329 | BA96: 1896 | BB96: 1925 | BC96: 7704 | BD96: 614 | BE96: 2705 | BF96: 979 | BG96: 1823 | BH96: 256 | BI96: 874 | BJ96: 1348 | BK96: 3680 | BL96: 2632 | BM96: 1512 | BN96: 299 | BP96: 967 | BQ96: 1554 | BR96: 354 | BS96: 0 | BT96: 1998 | BU96: 3688 | BV96: 1817 | BW96: 3240 | BX96: 885 | BY96: 1464 | BZ96: 3867 | CB96: 1713 | CC96: 539 | CD96: 504 | CE96: 175
A97: 45562 | B97: 9 | C97: 27 | D97: 133 | E97: 170 | G97: 313 | H97: 82 | I97: 282 | J97: 2944 | K97: 103 | L97: 109 | M97: 6 | N97: 83 | O97: 736 | P97: 314 | Q97: 500 | R97: 185 | AG97: 106 | AH97: 44 | AI97: 248 | AJ97: 153 | AK97: 295 | AL97: 116 | AM97: 71 | AN97: 249 | AP97: 436 | AQ97: 1758 | AS97: 223 | AT97: 453 | AU97: 123 | AV97: 479 | AW97: 2208 | AX97: 829 | AY97: 2177 | AZ97: 1291 | BA97: 1312 | BB97: 2229 | BC97: 6671 | BD97: 532 | BE97: 2408 | BF97: 699 | BG97: 1339 | BH97: 288 | BI97: 1343 | BJ97: 1254 | BK97: 3349 | BL97: 2476 | BM97: 1432 | BN97: 291 | BP97: 134 | BQ97: 1159 | BR97: 263 | BS97: 0 | BT97: 1292 | BU97: 5326 | BV97: 902 | BW97: 2577 | BX97: 624 | BY97: 1147 | BZ97: 2755 | CB97: 1449 | CC97: 460 | CD97: 215 | CE97: 222
A98: 45563 | B98: 9 | C98: 28 | D98: 80 | E98: 173 | G98: 317 | H98: 161 | I98: 232 | J98: 2793 | K98: 127 | L98: 83 | M98: 5 | N98: 91 | O98: 523 | P98: 808 | Q98: 287 | R98: 118 | AG98: 49 | AH98: 21 | AI98: 125 | AJ98: 136 | AK98: 515 | AL98: 36 | AM98: 201 | AP98: 334 | AQ98: 1275 | AS98: 195 | AT98: 280 | AU98: 240 | AV98: 740 | AW98: 2739 | AX98: 243 | AY98: 2432 | AZ98: 1092 | BA98: 1030 | BB98: 1992 | BC98: 4171 | BD98: 366 | BE98: 2331 | BF98: 652 | BG98: 1122 | BH98: 400 | BI98: 1010 | BJ98: 838 | BK98: 3806 | BL98: 2866 | BM98: 844 | BN98: 184 | BQ98: 1155 | BR98: 409 | BT98: 829 | BU98: 4352 | BV98: 1393 | BW98: 2079 | BX98: 455 | BY98: 1910 | BZ98: 585 | CB98: 1058 | CC98: 326 | CD98: 77 | CE98: 236
A99: 45564 | B99: 9 | C99: 29 | D99: 252 | E99: 115 | G99: 264 | H99: 113 | I99: 213 | J99: 3020 | K99: 190 | L99: 30 | M99: 6 | N99: 58 | O99: 331 | P99: 490 | Q99: 336 | AG99: 25 | AH99: 11 | AI99: 106 | AJ99: 242 | AK99: 335 | AL99: 84 | AM99: 120 | AP99: 99 | AQ99: 782 | AS99: 315 | AT99: 2199 | AU99: 205 | AV99: 293 | AW99: 3649 | AX99: 585 | AY99: 2216 | AZ99: 861 | BA99: 897 | BB99: 1747 | BC99: 2553 | BD99: 481 | BE99: 719 | BF99: 804 | BG99: 1187 | BH99: 397 | BI99: 1236 | BJ99: 647 | BK99: 3868 | BL99: 5031 | BM99: 693 | BN99: 252 | BQ99: 843 | BR99: 250 | BT99: 1168 | BU99: 7134 | BV99: 1335 | BW99: 2084 | BX99: 1131 | BY99: 1396 | CB99: 1047 | CC99: 181 | CD99: 60 | CE99: 173
A100: 45565 | B100: 9 | C100: 30 | D100: 146 | E100: 134 | G100: 471 | H100: 109 | I100: 254 | J100: 2035 | K100: 209 | L100: 37 | M100: 7 | N100: 49 | O100: 307 | P100: 316 | Q100: 272 | AG100: 9 | AH100: 24 | AI100: 116 | AJ100: 275 | AK100: 210 | AP100: 112 | AQ100: 732 | AT100: 1159 | AU100: 290 | AV100: 380 | AW100: 1051 | AY100: 1106 | AZ100: 512 | BA100: 988 | BB100: 1468 | BC100: 3334 | BD100: 333 | BE100: 1020 | BF100: 889 | BG100: 1480 | BH100: 281 | BI100: 1104 | BJ100: 1656 | BK100: 3055 | BL100: 11173 | BM100: 229 | BN100: 231 | BQ100: 606 | BR100: 163 | BT100: 935 | BV100: 1443 | BW100: 1924 | BY100: 1397 | CB100: 861 | CC100: 203 | CD100: 79 | CE100: 218
A101: 45566 | B101: 10 | C101: 1 | D101: 106 | E101: 154 | G101: 291 | H101: 78 | I101: 202 | J101: 1528 | K101: 176 | L101: 23 | M101: 3 | O101: 294 | P101: 202 | Q101: 225 | AH101: 8 | AI101: 116 | AJ101: 301 | AK101: 250 | AP101: 867 | AQ101: 582 | AT101: 650 | AU101: 73 | AV101: 168 | AW101: 1521 | AY101: 1386 | AZ101: 564 | BA101: 883 | BB101: 804 | BC101: 2251 | BD101: 1006 | BE101: 966 | BF101: 362 | BG101: 631 | BH101: 216 | BI101: 930 | BJ101: 1186 | BK101: 4240 | BL101: 12692 | BN101: 168 | BQ101: 525 | BR101: 110 | BT101: 896 | BV101: 1025 | BW101: 1511 | BY101: 758 | CB101: 739 | CC101: 450 | CD101: 60 | CE101: 218
A102: 45567 | B102: 10 | C102: 2 | D102: 66 | E102: 161 | G102: 141 | H102: 82 | I102: 108 | J102: 999 | K102: 125 | L102: 28 | M102: 4 | O102: 320 | Q102: 247 | AH102: 3 | AI102: 89 | AJ102: 168 | AK102: 195 | AQ102: 378 | AT102: 319 | AU102: 68 | AV102: 181 | AW102: 1458 | AY102: 870 | AZ102: 474 | BA102: 1271 | BB102: 438 | BC102: 1813 | BD102: 278 | BE102: 1175 | BF102: 332 | BG102: 723 | BH102: 241 | BI102: 1099 | BJ102: 1583 | BK102: 2602 | BL102: 7645 | BQ102: 302 | BR102: 51 | BV102: 687 | BW102: 1022 | BY102: 786 | CB102: 352 | CC102: 1206 | CD102: 62 | CE102: 166
A103: 45568 | B103: 10 | C103: 3 | D103: 125 | E103: 114 | G103: 85 | H103: 49 | I103: 121 | J103: 1118 | K103: 227 | L103: 13 | M103: 4 | O103: 166 | AH103: 8 | AI103: 20 | AJ103: 204 | AK103: 200 | AQ103: 650 | AT103: 244 | AU103: 49 | AV103: 128 | AW103: 963 | AY103: 875 | AZ103: 320 | BA103: 573 | BB103: 320 | BC103: 1371 | BD103: 407 | BE103: 1560 | BF103: 231 | BG103: 556 | BH103: 281 | BI103: 834 | BJ103: 1388 | BK103: 2001 | BL103: 3769 | BQ103: 345 | BV103: 518 | BW103: 1299 | BY103: 640 | CB103: 220 | CC103: 2429 | CD103: 60 | CE103: 211
A104: 45569 | B104: 10 | C104: 4 | D104: 30 | E104: 112 | H104: 52 | I104: 90 | J104: 434 | K104: 196 | O104: 62 | AH104: 2 | AI104: 31 | AJ104: 129 | AK104: 200 | AQ104: 483 | AT104: 113 | AU104: 39 | AV104: 141 | AW104: 973 | AY104: 938 | AZ104: 354 | BA104: 520 | BB104: 373 | BC104: 1880 | BD104: 494 | BE104: 804 | BF104: 163 | BG104: 515 | BH104: 191 | BI104: 770 | BJ104: 1089 | BK104: 1528 | BL104: 1521 | BQ104: 245 | BV104: 231 | BY104: 492 | CB104: 202 | CC104: 2518 | CD104: 48 | CE104: 131
A105: 45570 | B105: 10 | C105: 5 | E105: 59 | H105: 54 | J105: 489 | K105: 123 | O105: 66 | AH105: 1 | AI105: 28 | AJ105: 80 | AK105: 104 | AQ105: 477 | AU105: 42 | AV105: 179 | AW105: 840 | AY105: 1024 | AZ105: 321 | BA105: 368 | BB105: 492 | BC105: 1115 | BD105: 366 | BE105: 1243 | BF105: 158 | BG105: 528 | BH105: 208 | BI105: 516 | BJ105: 763 | BK105: 1576 | BV105: 323 | BY105: 341 | CB105: 167 | CC105: 1519 | CE105: 89
A106: 45571 | B106: 10 | C106: 6 | E106: 49 | H106: 43 | J106: 362 | K106: 126 | O106: 137 | AH106: 2 | AI106: 32 | AJ106: 54 | AK106: 120 | AQ106: 352 | AU106: 26 | AV106: 108 | AW106: 941 | AY106: 758 | AZ106: 517 | BA106: 650 | BB106: 260 | BC106: 613 | BD106: 2836 | BE106: 951 | BF106: 105 | BG106: 494 | BH106: 149 | BI106: 531 | BJ106: 614 | BK106: 1495 | BV106: 250 | BY106: 100 | CB106: 39 | CC106: 492 | CE106: 55
A107: 45572 | B107: 10 | C107: 7 | E107: 23 | H107: 86 | J107: 428 | K107: 53 | O107: 103 | AH107: 0 | AI107: 28 | AJ107: 57 | AK107: 180 | AQ107: 276 | AU107: 39 | AV107: 83 | AW107: 661 | AY107: 452 | AZ107: 406 | BA107: 235 | BB107: 240 | BC107: 315 | BD107: 664 | BE107: 1336 | BF107: 97 | BG107: 431 | BH107: 267 | BI107: 506 | BJ107: 965 | BK107: 1038 | BY107: 142 | CB107: 45 | CC107: 253 | CE107: 36
A108: 45573 | B108: 10 | C108: 8 | H108: 78 | J108: 352 | K108: 49 | O108: 55 | AH108: 0 | AI108: 18 | AJ108: 34 | AK108: 155 | AQ108: 274 | AU108: 30 | AV108: 89 | AW108: 660 | AY108: 216 | AZ108: 296 | BA108: 374 | BB108: 296 | BC108: 426 | BD108: 510 | BE108: 966 | BF108: 122 | BG108: 278 | BH108: 116 | BI108: 513 | BJ108: 834 | BK108: 732 | BY108: 179 | CC108: 155 | CE108: 28
A109: 45574 | B109: 10 | C109: 9 | H109: 22 | J109: 247 | K109: 60 | O109: 44 | AH109: 5 | AI109: 8 | AJ109: 85 | AK109: 133 | AQ109: 466 | AU109: 31 | AV109: 108 | AW109: 833 | AY109: 287 | AZ109: 374 | BA109: 273 | BB109: 334 | BC109: 266 | BD109: 338 | BE109: 855 | BF109: 123 | BG109: 308 | BH109: 85 | BI109: 362 | BJ109: 834 | BK109: 500 | BY109: 138 | CC109: 208 | CE109: 18
A110: 45575 | B110: 10 | C110: 10 | H110: 48 | J110: 110 | K110: 92 | O110: 46 | AH110: 9 | AI110: 8 | AK110: 133 | AQ110: 441 | AU110: 27 | AV110: 61 | AW110: 1141 | AY110: 115 | AZ110: 272 | BA110: 255 | BB110: 362 | BC110: 217 | BD110: 265 | BE110: 717 | BF110: 74 | BG110: 317 | BH110: 22 | BI110: 237 | BJ110: 695 | BK110: 488 | CC110: 198 | CE110: 11
A111: 45576 | B111: 10 | C111: 11 | H111: 49 | J111: 100 | K111: 49 | O111: 40 | AH111: 3 | AI111: 10 | AK111: 190 | AQ111: 358 | AU111: 11 | AV111: 49 | AW111: 1060 | AY111: 133 | AZ111: 230 | BA111: 196 | BB111: 295 | BC111: 115 | BD111: 166 | BE111: 275 | BF111: 143 | BG111: 380 | BI111: 217 | BJ111: 329 | BK111: 791 | CC111: 237 | CE111: 20
A112: 45577 | B112: 10 | C112: 12 | H112: 42 | J112: 71 | K112: 55 | O112: 35 | AH112: 1 | AI112: 34 | AK112: 141 | AQ112: 290 | AU112: 7 | AV112: 36 | AW112: 341 | AY112: 123 | AZ112: 112 | BA112: 92 | BB112: 228 | BC112: 111 | BD112: 143 | BE112: 265 | BF112: 74 | BG112: 724 | BI112: 113 | BJ112: 923 | BK112: 41 | CC112: 336 | CE112: 11
A113: 45578 | B113: 10 | C113: 13 | H113: 38 | J113: 89 | K113: 31 | O113: 57 | AH113: 3 | AI113: 62 | AK113: 93 | AQ113: 288 | AU113: 11 | AV113: 50 | AW113: 282 | AY113: 115 | AZ113: 111 | BA113: 166 | BB113: 222 | BC113: 109 | BD113: 296 | BE113: 470 | BF113: 101 | BG113: 519 | BI113: 130 | BJ113: 640 | CC113: 326 | CE113: 7
A114: 45579 | B114: 10 | C114: 14 | H114: 18 | J114: 83 | K114: 13 | O114: 72 | AH114: 1 | AI114: 48 | AK114: 42 | AQ114: 330 | AU114: 5 | AV114: 34 | AW114: 226 | AY114: 115 | AZ114: 265 | BA114: 181 | BB114: 177 | BC114: 144 | BD114: 132 | BE114: 369 | BF114: 108 | BG114: 216 | BI114: 141 | BJ114: 559 | CC114: 246 | CE114: 7
A115: 45580 | B115: 10 | C115: 15 | H115: 13 | J115: 82 | K115: 14 | O115: 45 | AH115: 0 | AI115: 24 | AK115: 40 | AQ115: 143 | AU115: 2 | AW115: 209 | AZ115: 252 | BA115: 156 | BB115: 137 | BC115: 121 | BD115: 160 | BE115: 302 | BF115: 111 | BG115: 146 | BI115: 108 | BJ115: 572 | CC115: 199 | CE115: 4
A116: 45581 | B116: 10 | C116: 16 | J116: 75 | K116: 22 | O116: 48 | AH116: 0 | AI116: 22 | AK116: 33 | AQ116: 210 | AU116: 2 | AW116: 88 | AZ116: 213 | BA116: 116 | BB116: 132 | BC116: 86 | BD116: 224 | BE116: 423 | BF116: 242 | BG116: 115 | BI116: 80 | BJ116: 311 | CC116: 87 | CE116: 6
A117: 45582 | B117: 10 | C117: 17 | J117: 98 | K117: 20 | O117: 28 | AH117: 0 | AI117: 10 | AK117: 20 | AQ117: 160 | AU117: 3 | AW117: 31 | AZ117: 182 | BA117: 134 | BB117: 113 | BC117: 83 | BD117: 141 | BE117: 412 | BF117: 197 | BG117: 118 | BI117: 97 | BJ117: 230 | CC117: 79 | CE117: 6
A118: 45583 | B118: 10 | C118: 18 | J118: 68 | K118: 26 | O118: 42 | AH118: 0 | AI118: 21 | AK118: 22 | AQ118: 116 | AU118: 4 | AW118: 20 | AZ118: 124 | BA118: 192 | BB118: 64 | BC118: 105 | BD118: 78 | BE118: 202 | BF118: 82 | BG118: 139 | BI118: 168 | BJ118: 171 | CC118: 85 | CE118: 7
A119: 45584 | B119: 10 | C119: 19 | J119: 56 | K119: 15 | O119: 11 | AH119: 0 | AI119: 13 | AK119: 10 | AQ119: 61 | AU119: 4 | AW119: 21 | AZ119: 130 | BA119: 92 | BB119: 79 | BC119: 47 | BD119: 33 | BE119: 254 | BF119: 91 | BG119: 133 | BI119: 88 | BJ119: 75 | CC119: 36 | CE119: 6
A120: 45585 | B120: 10 | C120: 20 | J120: 30 | K120: 25 | O120: 23 | AH120: 0 | AK120: 16 | AQ120: 30 | AU120: 2 | AZ120: 34 | BA120: 91 | BB120: 100 | BD120: 64 | BE120: 224 | BF120: 67 | BG120: 122 | BI120: 48 | BJ120: 75 | CC120: 18 | CE120: 0
A121: 45586 | B121: 10 | C121: 21 | J121: 35 | K121: 15 | O121: 9 | AH121: 0 | AK121: 6 | AQ121: 13 | AZ121: 71 | BA121: 86 | BB121: 97 | BD121: 80 | BE121: 276 | BF121: 128 | BG121: 126 | BI121: 48 | BJ121: 61 | CC121: 12 | CE121: 3
A122: 45587 | B122: 10 | C122: 22 | J122: 22 | K122: 10 | O122: 8 | AH122: 0 | AK122: 10 | AQ122: 0 | AZ122: 66 | BA122: 24 | BB122: 83 | BD122: 54 | BE122: 53 | BF122: 141 | BG122: 125 | BI122: 38 | BJ122: 37 | CC122: 3 | CE122: 3
...

Sheet sk_cumu_prop_babine
A1: Date | B1: 1946 | C1: 1947 | D1: 1948 | E1: 1949 | F1: 1950 | G1: 1951 | H1: 1952 | I1: 1953 | J1: 1954 | K1: 1955 | L1: 1956 | M1: 1957 | N1: 1958 | O1: 1959 | P1: 1960 | Q1: 1961 | R1: 1962 | S1: 1963 | T1: 1964 | U1: 1965 | V1: 1966 | W1: 1967 | X1: 1968 | Y1: 1969 | Z1: 1970 | AA1: 1971 | AB1: 1972 | AC1: 1973 | AD1: 1974 | AE1: 1975 | AF1: 1976 | AG1: 1977 | AH1: 1978 | AI1: 1979 | AJ1: 1980 | AK1: 1981 | AL1: 1982 | AM1: 1983 | AN1: 1984 | AO1: 1985 | AP1: 1986 | AQ1: 1987 | AR1: 1988 | AS1: 1989 | AT1: 1990 | AU1: 1991 | AV1: 1992 | AW1: 1993 | AX1: 1994 | AY1: 1995 | AZ1: 1996 | BA1: 1997 | BB1: 1998 | BC1: 1999 | BD1: 2000 | BE1: 2001 | BF1: 2002 | BG1: 2003 | BH1: 2004 | BI1: 2005 | BJ1: 2006 | BK1: 2007 | BL1: 2008 | BM1: 2009 | BN1: 2010 | BO1: 2011 | BP1: 2012 | BQ1: 2013 | BR1: 2014 | BS1: 2015 | BT1: 2016 | BU1: 2017 | BV1: 2018 | BW1: 2019 | BX1: 2020 | BY1: 2021 | BZ1: 2022 | CA1: 2023 | CB1: 2024 | CC1: 2025
A2: 46197 | B2: =IF('Large Sockeye'!D2="","",SUM('Large Sockeye'!D$2:D2)/SUM('Large Sockeye'!D:D)) -> 0 | C2: =IF('Large Sockeye'!E2="","",SUM('Large Sockeye'!E$2:E2)/SUM('Large Sockeye'!E:E)) -> 0 | E2: =IF('Large Sockeye'!G2="","",SUM('Large Sockeye'!G$2:G2)/SUM('Large Sockeye'!G:G)) -> 0 | F2: =IF('Large Sockeye'!H2="","",SUM('Large Sockeye'!H$2:H2)/SUM('Large Sockeye'!H:H)) -> 0 | G2: 0 | H2: 0 | I2: 0 | J2: 0 | K2: 0 | L2: 0 | M2: 0 | N2: 0 | O2: 0 | P2: 0 | Q2: 0 | R2: 0 | S2: 0 | U2: 0 | V2: 0 | W2: 0 | X2: 0 | Y2: 0 | Z2: 0 | AA2: 0 | AB2: 0 | AC2: 0 | AD2: 0 | AE2: 0 | AF2: 0 | AG2: 0 | AH2: 0 | AI2: 0 | AJ2: 0 | AK2: 0 | AL2: 0 | AM2: 0 | AN2: 0 | AO2: 0 | AP2: 0 | AQ2: 0 | AR2: 0 | AS2: 0 | AT2: 0 | AU2: 0 | AV2: 0 | AW2: 0 | AX2: 0 | AY2: 0 | AZ2: 0 | BA2: 0 | BB2: 0 | BC2: 0 | BD2: 0 | BE2: 0 | BF2: 0 | BG2: 0 | BH2: 0 | BI2: 0 | BJ2: 0 | BK2: 0 | BL2: 0 | BM2: 0 | BN2: 0 | BO2: 0 | BP2: 0 | BQ2: 0 | BR2: 0 | BS2: 0 | BT2: 0 | BU2: 0 | BV2: 0 | BW2: 0 | BX2: 0 | BY2: 0 | BZ2: 0 | CA2: 0 | CB2: 0 | CC2: 0
A3: 46198 | B3: =IF('Large Sockeye'!D3="","",SUM('Large Sockeye'!D$2:D3)/SUM('Large Sockeye'!D:D)) -> 0 | C3: =IF('Large Sockeye'!E3="","",SUM('Large Sockeye'!E$2:E3)/SUM('Large Sockeye'!E:E)) -> 0 | E3: =IF('Large Sockeye'!G3="","",SUM('Large Sockeye'!G$2:G3)/SUM('Large Sockeye'!G:G)) -> 0 | F3: =IF('Large Sockeye'!H3="","",SUM('Large Sockeye'!H$2:H3)/SUM('Large Sockeye'!H:H)) -> 0 | G3: 0 | H3: 0 | I3: 0 | J3: 0 | K3: 0 | L3: 0 | M3: 0 | N3: 0 | O3: 0 | P3: 0 | Q3: 0 | R3: 0 | S3: 0 | U3: 0 | V3: 0 | W3: 0 | X3: 0 | Y3: 0 | Z3: 0 | AA3: 0 | AB3: 0 | AC3: 0 | AD3: 0 | AE3: 0 | AF3: 0 | AG3: 0 | AH3: 0 | AI3: 0 | AJ3: 0 | AK3: 0 | AL3: 0 | AM3: 0 | AN3: 0 | AO3: 0 | AP3: 0 | AQ3: 0 | AR3: 0 | AS3: 0 | AT3: 0 | AU3: 0 | AV3: 0 | AW3: 0 | AX3: 0 | AY3: 0 | AZ3: 0 | BA3: 0 | BB3: =IF('Large Sockeye'!BD3="","",SUM('Large Sockeye'!BD$2:BD3)/SUM('Large Sockeye'!BD:BD)) -> 0 | BC3: 0 | BD3: 0 | BE3: 0 | BF3: 0 | BG3: 0 | BH3: 0 | BI3: 0 | BJ3: 0 | BK3: 0 | BL3: 0 | BM3: 0 | BN3: 0 | BO3: 0 | BP3: 0 | BQ3: 0 | BR3: 0 | BS3: 0 | BT3: 0 | BU3: 0 | BV3: 0 | BW3: 0 | BX3: 0 | BY3: 0 | BZ3: 0 | CA3: 0 | CB3: 0 | CC3: 0
A4: 46199 | B4: =IF('Large Sockeye'!D4="","",SUM('Large Sockeye'!D$2:D4)/SUM('Large Sockeye'!D:D)) -> 0 | C4: =IF('Large Sockeye'!E4="","",SUM('Large Sockeye'!E$2:E4)/SUM('Large Sockeye'!E:E)) -> 0 | E4: =IF('Large Sockeye'!G4="","",SUM('Large Sockeye'!G$2:G4)/SUM('Large Sockeye'!G:G)) -> 0 | F4: =IF('Large Sockeye'!H4="","",SUM('Large Sockeye'!H$2:H4)/SUM('Large Sockeye'!H:H)) -> 0 | G4: 0 | H4: 0 | I4: 0 | J4: 0 | K4: 0 | L4: 0 | M4: 0 | N4: 0 | O4: 0 | P4: 0 | Q4: 0 | R4: 0 | S4: 0 | U4: 0 | V4: 0 | W4: 0 | X4: 0 | Y4: 0 | Z4: 0 | AA4: 0 | AB4: 0 | AC4: 0 | AD4: 0 | AE4: 0 | AF4: 0 | AG4: 0 | AH4: 0 | AI4: 0 | AJ4: 0 | AK4: 0 | AL4: 0 | AM4: 0 | AN4: 0 | AO4: 0 | AP4: 0 | AQ4: 0 | AR4: 0 | AS4: 0 | AT4: 0 | AU4: 0 | AV4: 0 | AW4: 0 | AX4: 0 | AY4: 0 | AZ4: 0 | BA4: 0 | BB4: =IF('Large Sockeye'!BD4="","",SUM('Large Sockeye'!BD$2:BD4)/SUM('Large Sockeye'!BD:BD)) -> 0 | BC4: 0 | BD4: 0 | BE4: 0 | BF4: 0 | BG4: 0 | BH4: 0 | BI4: 0 | BJ4: 0 | BK4: 0 | BL4: 0 | BM4: 0 | BN4: 0 | BO4: 0 | BP4: 0 | BQ4: 0 | BR4: 0 | BS4: 0 | BT4: 0 | BU4: 0 | BV4: 0 | BW4: 0 | BX4: 0 | BY4: 0 | BZ4: 0 | CA4: 0 | CB4: 0 | CC4: 0
A5: 46200 | B5: =IF('Large Sockeye'!D5="","",SUM('Large Sockeye'!D$2:D5)/SUM('Large Sockeye'!D:D)) -> 0 | C5: =IF('Large Sockeye'!E5="","",SUM('Large Sockeye'!E$2:E5)/SUM('Large Sockeye'!E:E)) -> 0 | E5: =IF('Large Sockeye'!G5="","",SUM('Large Sockeye'!G$2:G5)/SUM('Large Sockeye'!G:G)) -> 0 | F5: =IF('Large Sockeye'!H5="","",SUM('Large Sockeye'!H$2:H5)/SUM('Large Sockeye'!H:H)) -> 0 | G5: 0 | H5: 0 | I5: 0 | J5: 0 | K5: 0 | L5: 0 | M5: 0 | N5: 0 | O5: 0 | P5: 0 | Q5: 0 | R5: 0 | S5: 0 | U5: 0 | V5: 0 | W5: 0 | X5: 0 | Y5: 0 | Z5: 0 | AA5: 0 | AB5: 0 | AC5: 0 | AD5: 0 | AE5: 0 | AF5: 0 | AG5: 0 | AH5: 0 | AI5: 0 | AJ5: 0 | AK5: 0 | AL5: 0 | AM5: 0 | AN5: 0 | AO5: 0 | AP5: 0 | AQ5: 0 | AR5: 0 | AS5: 0 | AT5: 0 | AU5: 0 | AV5: 0 | AW5: 0 | AX5: 0 | AY5: 0 | AZ5: 0 | BA5: 0 | BB5: =IF('Large Sockeye'!BD5="","",SUM('Large Sockeye'!BD$2:BD5)/SUM('Large Sockeye'!BD:BD)) -> 0 | BC5: 0 | BD5: 0 | BE5: 0 | BF5: 0 | BG5: 0 | BH5: 0 | BI5: 0 | BJ5: 0 | BK5: 0 | BL5: 0 | BM5: 0 | BN5: 0 | BO5: 0 | BP5: 0 | BQ5: 0 | BR5: 0 | BS5: 0 | BT5: 0 | BU5: 0 | BV5: 0 | BW5: 0 | BX5: 0 | BY5: 0 | BZ5: 0 | CA5: 0 | CB5: 0 | CC5: 0
A6: 46201 | B6: =IF('Large Sockeye'!D6="","",SUM('Large Sockeye'!D$2:D6)/SUM('Large Sockeye'!D:D)) -> 0 | C6: =IF('Large Sockeye'!E6="","",SUM('Large Sockeye'!E$2:E6)/SUM('Large Sockeye'!E:E)) -> 0 | E6: =IF('Large Sockeye'!G6="","",SUM('Large Sockeye'!G$2:G6)/SUM('Large Sockeye'!G:G)) -> 0 | F6: =IF('Large Sockeye'!H6="","",SUM('Large Sockeye'!H$2:H6)/SUM('Large Sockeye'!H:H)) -> 0 | G6: 0 | H6: 0 | I6: 0 | J6: 0 | K6: 0 | L6: 0 | M6: 0 | N6: 0 | O6: 0 | P6: 0 | Q6: 0 | R6: 0 | S6: 0 | U6: 0 | V6: 0 | W6: 0 | X6: 0 | Y6: 0 | Z6: 0 | AA6: 0 | AB6: 0 | AC6: 0 | AD6: 0 | AE6: 0 | AF6: 0 | AG6: 0 | AH6: 0 | AI6: 0 | AJ6: 0 | AK6: 0 | AL6: 0 | AM6: 0 | AN6: 0 | AO6: 0 | AP6: 0 | AQ6: 0 | AR6: 0 | AS6: 0 | AT6: 0 | AU6: 0 | AV6: 0 | AW6: 0 | AX6: 0 | AY6: 0 | AZ6: 0 | BA6: 0 | BB6: =IF('Large Sockeye'!BD6="","",SUM('Large Sockeye'!BD$2:BD6)/SUM('Large Sockeye'!BD:BD)) -> 0 | BC6: 0 | BD6: 0 | BE6: 0 | BF6: 0 | BG6: 0 | BH6: 0 | BI6: 0 | BJ6: 0 | BK6: 0 | BL6: 0 | BM6: 0 | BN6: 0 | BO6: 0 | BP6: 0 | BQ6: 0 | BR6: 0 | BS6: 0 | BT6: 0 | BU6: 0 | BV6: 0 | BW6: 0 | BX6: 0 | BY6: 0 | BZ6: 0 | CA6: 0 | CB6: 0 | CC6: 0
A7: 46202 | B7: =IF('Large Sockeye'!D7="","",SUM('Large Sockeye'!D$2:D7)/SUM('Large Sockeye'!D:D)) -> 0 | C7: =IF('Large Sockeye'!E7="","",SUM('Large Sockeye'!E$2:E7)/SUM('Large Sockeye'!E:E)) -> 0 | E7: =IF('Large Sockeye'!G7="","",SUM('Large Sockeye'!G$2:G7)/SUM('Large Sockeye'!G:G)) -> 0 | F7: =IF('Large Sockeye'!H7="","",SUM('Large Sockeye'!H$2:H7)/SUM('Large Sockeye'!H:H)) -> 0 | G7: 0 | H7: 0 | I7: 0 | J7: 0 | K7: 0 | L7: 0 | M7: 0 | N7: 0 | O7: 0 | P7: 0 | Q7: 0 | R7: 0 | S7: 0 | U7: 0 | V7: 0 | W7: 0 | X7: 0 | Y7: 0 | Z7: 0 | AA7: 0 | AB7: 0 | AC7: 0 | AD7: 0 | AE7: 0 | AF7: 0 | AG7: 0 | AH7: 0 | AI7: 0 | AJ7: 0 | AK7: 0 | AL7: 0 | AM7: 0 | AN7: 0 | AO7: 0 | AP7: 0 | AQ7: 0 | AR7: 0 | AS7: 0 | AT7: 0 | AU7: 0 | AV7: 0 | AW7: 0 | AX7: 0 | AY7: 0 | AZ7: 0 | BA7: 0 | BB7: =IF('Large Sockeye'!BD7="","",SUM('Large Sockeye'!BD$2:BD7)/SUM('Large Sockeye'!BD:BD)) -> 0 | BC7: 0 | BD7: 0 | BE7: 0 | BF7: 0 | BG7: 0 | BH7: 0 | BI7: 0 | BJ7: 0 | BK7: 0 | BL7: 0 | BM7: 0 | BN7: 0 | BO7: 0 | BP7: 0 | BQ7: 0 | BR7: 0 | BS7: 0 | BT7: 0 | BU7: 0 | BV7: 0 | BW7: 0 | BX7: 0 | BY7: 0 | BZ7: 0 | CA7: 0 | CB7: 0 | CC7: 0
A8: 46203 | B8: =IF('Large Sockeye'!D8="","",SUM('Large Sockeye'!D$2:D8)/SUM('Large Sockeye'!D:D)) -> 0 | C8: =IF('Large Sockeye'!E8="","",SUM('Large Sockeye'!E$2:E8)/SUM('Large Sockeye'!E:E)) -> 3.7964063e-06 | E8: =IF('Large Sockeye'!G8="","",SUM('Large Sockeye'!G$2:G8)/SUM('Large Sockeye'!G:G)) -> 0 | F8: =IF('Large Sockeye'!H8="","",SUM('Large Sockeye'!H$2:H8)/SUM('Large Sockeye'!H:H)) -> 0 | G8: 0 | H8: 0 | I8: 0 | J8: 0 | K8: 0 | L8: 0 | M8: 0 | N8: 0 | O8: 0 | P8: 0 | Q8: 0 | R8: 0 | S8: 0 | U8: 0 | V8: 0 | W8: 0 | X8: 0 | Y8: 0 | Z8: 0 | AA8: 0 | AB8: 0 | AC8: 0 | AD8: 0 | AE8: 0 | AF8: 0 | AG8: 0 | AH8: 0 | AI8: 0 | AJ8: 0 | AK8: 0 | AL8: 0 | AM8: 0 | AN8: 0 | AO8: 0 | AP8: 0 | AQ8: 0 | AR8: 0 | AS8: 0 | AT8: 0 | AU8: 0 | AV8: 0 | AW8: 0 | AX8: 0 | AY8: 0 | AZ8: 0 | BA8: 0 | BB8: =IF('Large Sockeye'!BD8="","",SUM('Large Sockeye'!BD$2:BD8)/SUM('Large Sockeye'!BD:BD)) -> 0 | BC8: 0 | BD8: 0 | BE8: 0 | BF8: 0 | BG8: 0 | BH8: 0 | BI8: 0 | BJ8: 0 | BK8: 0 | BL8: 0 | BM8: 0 | BN8: 0 | BO8: 0 | BP8: 0 | BQ8: 0 | BR8: 0 | BS8: 0 | BT8: 0 | BU8: 0 | BV8: 0 | BW8: 0 | BX8: 0 | BY8: 0 | BZ8: 0 | CA8: 0 | CB8: 0 | CC8: 0
A9: 46204 | B9: =IF('Large Sockeye'!D9="","",SUM('Large Sockeye'!D$2:D9)/SUM('Large Sockeye'!D:D)) -> 0 | C9: =IF('Large Sockeye'!E9="","",SUM('Large Sockeye'!E$2:E9)/SUM('Large Sockeye'!E:E)) -> 3.7964063e-06 | E9: =IF('Large Sockeye'!G9="","",SUM('Large Sockeye'!G$2:G9)/SUM('Large Sockeye'!G:G)) -> 0 | F9: =IF('Large Sockeye'!H9="","",SUM('Large Sockeye'!H$2:H9)/SUM('Large Sockeye'!H:H)) -> 0 | G9: 0 | H9: 0 | I9: 0 | J9: 0 | K9: 0 | L9: 0 | M9: 0 | N9: 0 | O9: 0 | P9: 0 | Q9: 0 | R9: 0 | S9: 0 | U9: 0 | V9: 0 | W9: 0 | X9: 0 | Y9: 0 | Z9: 0 | AA9: 0 | AB9: 0 | AC9: 0 | AD9: 0 | AE9: 0 | AF9: 0 | AG9: 0 | AH9: 0 | AI9: 0 | AJ9: =IF('Large Sockeye'!AL9="","",SUM('Large Sockeye'!AL$2:AL9)/SUM('Large Sockeye'!AL:AL)) -> 5.6792475e-06 | AK9: 0 | AL9: 0 | AM9: 0 | AN9: 0 | AO9: 0 | AP9: 0 | AQ9: 0 | AR9: 0 | AS9: 0 | AT9: 0 | AU9: 0 | AV9: =IF('Large Sockeye'!AX9="","",SUM('Large Sockeye'!AX$2:AX9)/SUM('Large Sockeye'!AX:AX)) -> 3.2813214e-07 | AW9: 0 | AX9: 0 | AY9: 0 | AZ9: =IF('Large Sockeye'!BB9="","",SUM('Large Sockeye'!BB$2:BB9)/SUM('Large Sockeye'!BB:BB)) -> 2.890337e-07 | BA9: =IF('Large Sockeye'!BC9="","",SUM('Large Sockeye'!BC$2:BC9)/SUM('Large Sockeye'!BC:BC)) -> 3.5307124e-07 | BB9: =IF('Large Sockeye'!BD9="","",SUM('Large Sockeye'!BD$2:BD9)/SUM('Large Sockeye'!BD:BD)) -> 1.3665363e-05 | BC9: 0 | BD9: 0 | BE9: 0 | BF9: =IF('Large Sockeye'!BH9="","",SUM('Large Sockeye'!BH$2:BH9)/SUM('Large Sockeye'!BH:BH)) -> 2.9788089e-07 | BG9: 0 | BH9: 0 | BI9: 0 | BJ9: 0 | BK9: 0 | BL9: 0 | BM9: 0 | BN9: 0 | BO9: 0 | BP9: 0 | BQ9: 0 | BR9: 0 | BS9: 0 | BT9: 0 | BU9: 0 | BV9: 0 | BW9: 0 | BX9: 0 | BY9: 0 | BZ9: 0 | CA9: 0 | CB9: 0 | CC9: 0
A10: 46205 | B10: =IF('Large Sockeye'!D10="","",SUM('Large Sockeye'!D$2:D10)/SUM('Large Sockeye'!D:D)) -> 0 | C10: =IF('Large Sockeye'!E10="","",SUM('Large Sockeye'!E$2:E10)/SUM('Large Sockeye'!E:E)) -> 3.7964063e-06 | E10: =IF('Large Sockeye'!G10="","",SUM('Large Sockeye'!G$2:G10)/SUM('Large Sockeye'!G:G)) -> 0 | F10: =IF('Large Sockeye'!H10="","",SUM('Large Sockeye'!H$2:H10)/SUM('Large Sockeye'!H:H)) -> 0 | G10: 0 | H10: 0 | I10: 0 | J10: 0 | K10: 0 | L10: 0 | M10: 0 | N10: 0 | O10: 0 | P10: 0 | Q10: 0 | R10: 0 | S10: 0 | U10: 0 | V10: 0 | W10: 0 | X10: 0 | Y10: 0 | Z10: 0 | AA10: 0 | AB10: 0 | AC10: 0 | AD10: 0 | AE10: 0 | AF10: 0 | AG10: 0 | AH10: 0 | AI10: 0 | AJ10: =IF('Large Sockeye'!AL10="","",SUM('Large Sockeye'!AL$2:AL10)/SUM('Large Sockeye'!AL:AL)) -> 1.3251577e-05 | AK10: 0 | AL10: 0 | AM10: 0 | AN10: 0 | AO10: 0 | AP10: 0 | AQ10: 0 | AR10: 0 | AS10: 0 | AT10: 0 | AU10: 0 | AV10: =IF('Large Sockeye'!AX10="","",SUM('Large Sockeye'!AX$2:AX10)/SUM('Large Sockeye'!AX:AX)) -> 1.1719005e-06 | AW10: 0 | AX10: 0 | AY10: =IF('Large Sockeye'!BA10="","",SUM('Large Sockeye'!BA$2:BA10)/SUM('Large Sockeye'!BA:BA)) -> 1.7251254e-06 | AZ10: =IF('Large Sockeye'!BB10="","",SUM('Large Sockeye'!BB$2:BB10)/SUM('Large Sockeye'!BB:BB)) -> 1.0322632e-06 | BA10: =IF('Large Sockeye'!BC10="","",SUM('Large Sockeye'!BC$2:BC10)/SUM('Large Sockeye'!BC:BC)) -> 1.2609687e-06 | BB10: =IF('Large Sockeye'!BD10="","",SUM('Large Sockeye'!BD$2:BD10)/SUM('Large Sockeye'!BD:BD)) -> 4.2948282e-05 | BC10: 0 | BD10: 0 | BE10: 0 | BF10: =IF('Large Sockeye'!BH10="","",SUM('Large Sockeye'!BH$2:BH10)/SUM('Large Sockeye'!BH:BH)) -> 1.0638603e-06 | BG10: 0 | BH10: 0 | BI10: 0 | BJ10: 0 | BK10: 0 | BL10: 0 | BM10: 0 | BN10: 0 | BO10: 0 | BP10: 0 | BQ10: 0 | BR10: 0 | BS10: 0 | BT10: 0 | BU10: 0 | BV10: 0 | BW10: 0 | BX10: 0 | BY10: 0 | BZ10: 0 | CA10: 0 | CB10: 0 | CC10: 0
A11: 46206 | B11: =IF('Large Sockeye'!D11="","",SUM('Large Sockeye'!D$2:D11)/SUM('Large Sockeye'!D:D)) -> 0 | C11: =IF('Large Sockeye'!E11="","",SUM('Large Sockeye'!E$2:E11)/SUM('Large Sockeye'!E:E)) -> 3.7964063e-06 | E11: =IF('Large Sockeye'!G11="","",SUM('Large Sockeye'!G$2:G11)/SUM('Large Sockeye'!G:G)) -> 2.1594168e-06 | F11: =IF('Large Sockeye'!H11="","",SUM('Large Sockeye'!H$2:H11)/SUM('Large Sockeye'!H:H)) -> 0 | G11: 0 | H11: 0 | I11: 0 | J11: 0 | K11: 0 | L11: =IF('Large Sockeye'!N11="","",SUM('Large Sockeye'!N$2:N11)/SUM('Large Sockeye'!N:N)) -> 0 | M11: 0 | N11: 0 | O11: 0 | P11: 0 | Q11: 0 | R11: 0 | S11: 0 | U11: 0 | V11: 0 | W11: 0 | X11: 0 | Y11: 0 | Z11: 0 | AA11: 0 | AB11: 0 | AC11: 0 | AD11: 0 | AE11: 0 | AF11: 0 | AG11: 0 | AH11: 0 | AI11: 0 | AJ11: =IF('Large Sockeye'!AL11="","",SUM('Large Sockeye'!AL$2:AL11)/SUM('Large Sockeye'!AL:AL)) -> 5.4899392e-05 | AK11: 0 | AL11: 0 | AM11: 0 | AN11: 0 | AO11: 0 | AP11: 0 | AQ11: 0 | AR11: 0 | AS11: 0 | AT11: 0 | AU11: 0 | AV11: =IF('Large Sockeye'!AX11="","",SUM('Large Sockeye'!AX$2:AX11)/SUM('Large Sockeye'!AX:AX)) -> 2.296925e-06 | AW11: 0 | AX11: 0 | AY11: =IF('Large Sockeye'!BA11="","",SUM('Large Sockeye'!BA$2:BA11)/SUM('Large Sockeye'!BA:BA)) -> 6.9005017e-06 | AZ11: =IF('Large Sockeye'!BB11="","",SUM('Large Sockeye'!BB$2:BB11)/SUM('Large Sockeye'!BB:BB)) -> 2.0232359e-06 | BA11: =IF('Large Sockeye'!BC11="","",SUM('Large Sockeye'!BC$2:BC11)/SUM('Large Sockeye'!BC:BC)) -> 2.4714987e-06 | BB11: =IF('Large Sockeye'!BD11="","",SUM('Large Sockeye'!BD$2:BD11)/SUM('Large Sockeye'!BD:BD)) -> 7.2231202e-05 | BC11: 0 | BD11: 0 | BE11: 0 | BF11: =IF('Large Sockeye'!BH11="","",SUM('Large Sockeye'!BH$2:BH11)/SUM('Large Sockeye'!BH:BH)) -> 2.0851662e-06 | BG11: 0 | BH11: 0 | BI11: 0 | BJ11: 0 | BK11: 0 | BL11: 0 | BM11: 0 | BN11: 0 | BO11: 0 | BP11: 0 | BQ11: 0 | BR11: 0 | BS11: 0 | BT11: 0 | BU11: 0 | BV11: 0 | BW11: 0 | BX11: 0 | BY11: 0 | BZ11: 0 | CA11: 0 | CB11: 0 | CC11: 0
A12: 46207 | B12: =IF('Large Sockeye'!D12="","",SUM('Large Sockeye'!D$2:D12)/SUM('Large Sockeye'!D:D)) -> 0 | C12: =IF('Large Sockeye'!E12="","",SUM('Large Sockeye'!E$2:E12)/SUM('Large Sockeye'!E:E)) -> 3.7964063e-06 | E12: =IF('Large Sockeye'!G12="","",SUM('Large Sockeye'!G$2:G12)/SUM('Large Sockeye'!G:G)) -> 2.1594168e-06 | F12: =IF('Large Sockeye'!H12="","",SUM('Large Sockeye'!H$2:H12)/SUM('Large Sockeye'!H:H)) -> 0 | G12: 0 | H12: 0 | I12: 0 | J12: 0 | K12: 0 | L12: =IF('Large Sockeye'!N12="","",SUM('Large Sockeye'!N$2:N12)/SUM('Large Sockeye'!N:N)) -> 2.7987607e-06 | M12: 0 | N12: 0 | O12: 0 | P12: 0 | Q12: 0 | R12: 0 | S12: 0 | U12: 0 | V12: 0 | W12: 0 | X12: 0 | Y12: 0 | Z12: 0 | AA12: 0 | AB12: 0 | AC12: 0 | AD12: 0 | AE12: 0 | AF12: 0 | AG12: 0 | AH12: 0 | AI12: =IF('Large Sockeye'!AK12="","",SUM('Large Sockeye'!AK$2:AK12)/SUM('Large Sockeye'!AK:AK)) -> 8.5988589e-07 | AJ12: =IF('Large Sockeye'!AL12="","",SUM('Large Sockeye'!AL$2:AL12)/SUM('Large Sockeye'!AL:AL)) -> 6.4364805e-05 | AK12: 0 | AL12: 0 | AM12: 0 | AN12: 0 | AO12: 0 | AP12: 0 | AQ12: 0 | AR12: 0 | AS12: =IF('Large Sockeye'!AU12="","",SUM('Large Sockeye'!AU$2:AU12)/SUM('Large Sockeye'!AU:AU)) -> 8.815971e-07 | AT12: 0 | AU12: 0 | AV12: =IF('Large Sockeye'!AX12="","",SUM('Large Sockeye'!AX$2:AX12)/SUM('Large Sockeye'!AX:AX)) -> 6.7970228e-06 | AW12: 0 | AX12: 0 | AY12: =IF('Large Sockeye'!BA12="","",SUM('Large Sockeye'!BA$2:BA12)/SUM('Large Sockeye'!BA:BA)) -> 1.0925794e-05 | AZ12: =IF('Large Sockeye'!BB12="","",SUM('Large Sockeye'!BB$2:BB12)/SUM('Large Sockeye'!BB:BB)) -> 5.9871267e-06 | BA12: =IF('Large Sockeye'!BC12="","",SUM('Large Sockeye'!BC$2:BC12)/SUM('Large Sockeye'!BC:BC)) -> 7.3136185e-06 | BB12: =IF('Large Sockeye'!BD12="","",SUM('Large Sockeye'!BD$2:BD12)/SUM('Large Sockeye'!BD:BD)) -> 0.00024402433 | BC12: 0 | BD12: 0 | BE12: 0 | BF12: =IF('Large Sockeye'!BH12="","",SUM('Large Sockeye'!BH$2:BH12)/SUM('Large Sockeye'!BH:BH)) -> 6.1703898e-06 | BG12: 0 | BH12: 0 | BI12: 0 | BJ12: 0 | BK12: 0 | BL12: 0 | BM12: 0 | BN12: 0 | BO12: 0 | BP12: 0 | BQ12: 0 | BR12: 0 | BS12: 0 | BT12: 0 | BU12: 0 | BV12: 0 | BW12: 0 | BX12: 0 | BY12: 0 | BZ12: 0 | CA12: 0 | CB12: 0 | CC12: 0
A13: 46208 | B13: =IF('Large Sockeye'!D13="","",SUM('Large Sockeye'!D$2:D13)/SUM('Large Sockeye'!D:D)) -> 2.2396567e-06 | C13: =IF('Large Sockeye'!E13="","",SUM('Large Sockeye'!E$2:E13)/SUM('Large Sockeye'!E:E)) -> 1.1389219e-05 | E13: =IF('Large Sockeye'!G13="","",SUM('Large Sockeye'!G$2:G13)/SUM('Large Sockeye'!G:G)) -> 2.1594168e-06 | F13: =IF('Large Sockeye'!H13="","",SUM('Large Sockeye'!H$2:H13)/SUM('Large Sockeye'!H:H)) -> 0 | G13: 0 | H13: 0 | I13: =IF('Large Sockeye'!K13="","",SUM('Large Sockeye'!K$2:K13)/SUM('Large Sockeye'!K:K)) -> 7.2617528e-06 | J13: 0 | K13: =IF('Large Sockeye'!M13="","",SUM('Large Sockeye'!M$2:M13)/SUM('Large Sockeye'!M:M)) -> 0 | L13: =IF('Large Sockeye'!N13="","",SUM('Large Sockeye'!N$2:N13)/SUM('Large Sockeye'!N:N)) -> 5.5975214e-06 | M13: 0 | N13: 0 | O13: 0 | P13: 0 | Q13: 0 | R13: 0 | S13: 0 | U13: 0 | V13: 0 | W13: 0 | X13: 0 | Y13: 0 | Z13: 0 | AA13: 0 | AB13: 0 | AC13: 0 | AD13: 0 | AE13: 0 | AF13: 0 | AG13: 0 | AH13: 0 | AI13: =IF('Large Sockeye'!AK13="","",SUM('Large Sockeye'!AK$2:AK13)/SUM('Large Sockeye'!AK:AK)) -> 8.5988589e-07 | AJ13: =IF('Large Sockeye'!AL13="","",SUM('Large Sockeye'!AL$2:AL13)/SUM('Large Sockeye'!AL:AL)) -> 0.00011547803 | AK13: 0 | AL13: 0 | AM13: 0 | AN13: 0 | AO13: 0 | AP13: 0 | AQ13: 0 | AR13: 0 | AS13: =IF('Large Sockeye'!AU13="","",SUM('Large Sockeye'!AU$2:AU13)/SUM('Large Sockeye'!AU:AU)) -> 8.815971e-07 | AT13: 0 | AU13: 0 | AV13: =IF('Large Sockeye'!AX13="","",SUM('Large Sockeye'!AX$2:AX13)/SUM('Large Sockeye'!AX:AX)) -> 2.5172422e-05 | AW13: 0 | AX13: 0 | AY13: =IF('Large Sockeye'!BA13="","",SUM('Large Sockeye'!BA$2:BA13)/SUM('Large Sockeye'!BA:BA)) -> 1.9551421e-05 | AZ13: =IF('Large Sockeye'!BB13="","",SUM('Large Sockeye'!BB$2:BB13)/SUM('Large Sockeye'!BB:BB)) -> 2.2173014e-05 | BA13: =IF('Large Sockeye'!BC13="","",SUM('Large Sockeye'!BC$2:BC13)/SUM('Large Sockeye'!BC:BC)) -> 2.7085608e-05 | BB13: =IF('Large Sockeye'!BD13="","",SUM('Large Sockeye'!BD$2:BD13)/SUM('Large Sockeye'!BD:BD)) -> 0.00098000172 | BC13: 0 | BD13: 0 | BE13: 0 | BF13: =IF('Large Sockeye'!BH13="","",SUM('Large Sockeye'!BH$2:BH13)/SUM('Large Sockeye'!BH:BH)) -> 2.2851719e-05 | BG13: 0 | BH13: =IF('Large Sockeye'!BJ13="","",SUM('Large Sockeye'!BJ$2:BJ13)/SUM('Large Sockeye'!BJ:BJ)) -> 1.6282155e-05 | BI13: 0 | BJ13: 0 | BK13: 0 | BL13: 0 | BM13: 0 | BN13: 0 | BO13: 0 | BP13: 0 | BQ13: 0 | BR13: 0 | BS13: 0 | BT13: 0 | BU13: 0 | BV13: 0 | BW13: 0 | BX13: 0 | BY13: 0 | BZ13: 0 | CA13: 0 | CB13: 0 | CC13: 0
A14: 46209 | B14: =IF('Large Sockeye'!D14="","",SUM('Large Sockeye'!D$2:D14)/SUM('Large Sockeye'!D:D)) -> 6.7189701e-06 | C14: =IF('Large Sockeye'!E14="","",SUM('Large Sockeye'!E$2:E14)/SUM('Large Sockeye'!E:E)) -> 3.0371251e-05 | E14: =IF('Large Sockeye'!G14="","",SUM('Large Sockeye'!G$2:G14)/SUM('Large Sockeye'!G:G)) -> 4.3188336e-06 | F14: =IF('Large Sockeye'!H14="","",SUM('Large Sockeye'!H$2:H14)/SUM('Large Sockeye'!H:H)) -> 0 | G14: 0 | H14: 0 | I14: =IF('Large Sockeye'!K14="","",SUM('Large Sockeye'!K$2:K14)/SUM('Large Sockeye'!K:K)) -> 7.2617528e-06 | J14: 0 | K14: =IF('Large Sockeye'!M14="","",SUM('Large Sockeye'!M$2:M14)/SUM('Large Sockeye'!M:M)) -> 1.3641262e-05 | L14: =IF('Large Sockeye'!N14="","",SUM('Large Sockeye'!N$2:N14)/SUM('Large Sockeye'!N:N)) -> 8.3962821e-06 | M14: =IF('Large Sockeye'!O14="","",SUM('Large Sockeye'!O$2:O14)/SUM('Large Sockeye'!O:O)) -> 2.2982905e-06 | N14: 0 | O14: 0 | P14: 0 | Q14: 0 | R14: 0 | S14: 0 | U14: 0 | V14: 0 | W14: 0 | X14: 0 | Y14: 0 | Z14: 0 | AA14: 0 | AB14: 0 | AC14: 0 | AD14: 0 | AE14: 0 | AF14: 0 | AG14: 0 | AH14: 0 | AI14: =IF('Large Sockeye'!AK14="","",SUM('Large Sockeye'!AK$2:AK14)/SUM('Large Sockeye'!AK:AK)) -> 8.5988589e-07 | AJ14: =IF('Large Sockeye'!AL14="","",SUM('Large Sockeye'!AL$2:AL14)/SUM('Large Sockeye'!AL:AL)) -> 0.00012683653 | AK14: 0 | AL14: 0 | AM14: 0 | AN14: 0 | AO14: 0 | AP14: 0 | AQ14: 0 | AR14: 0 | AS14: =IF('Large Sockeye'!AU14="","",SUM('Large Sockeye'!AU$2:AU14)/SUM('Large Sockeye'!AU:AU)) -> 8.815971e-07 | AT14: 0 | AU14: 0 | AV14: =IF('Large Sockeye'!AX14="","",SUM('Large Sockeye'!AX$2:AX14)/SUM('Large Sockeye'!AX:AX)) -> 5.3251158e-05 | AW14: 0 | AX14: 0 | AY14: =IF('Large Sockeye'!BA14="","",SUM('Large Sockeye'!BA$2:BA14)/SUM('Large Sockeye'!BA:BA)) -> 4.0827968e-05 | AZ14: =IF('Large Sockeye'!BB14="","",SUM('Large Sockeye'!BB$2:BB14)/SUM('Large Sockeye'!BB:BB)) -> 4.6906041e-05 | BA14: =IF('Large Sockeye'!BC14="","",SUM('Large Sockeye'!BC$2:BC14)/SUM('Large Sockeye'!BC:BC)) -> 5.7298418e-05 | BB14: =IF('Large Sockeye'!BD14="","",SUM('Large Sockeye'!BD$2:BD14)/SUM('Large Sockeye'!BD:BD)) -> 0.0020771351 | BC14: 0 | BD14: 0 | BE14: 0 | BF14: =IF('Large Sockeye'!BH14="","",SUM('Large Sockeye'!BH$2:BH14)/SUM('Large Sockeye'!BH:BH)) -> 4.8341813e-05 | BG14: 0 | BH14: =IF('Large Sockeye'!BJ14="","",SUM('Large Sockeye'!BJ$2:BJ14)/SUM('Large Sockeye'!BJ:BJ)) -> 4.7760987e-05 | BI14: 0 | BJ14: 0 | BK14: 0 | BL14: 0 | BM14: 0 | BN14: 0 | BO14: 0 | BP14: 0 | BQ14: 0 | BR14: 0 | BS14: 0 | BT14: =IF('Large Sockeye'!BV14="","",SUM('Large Sockeye'!BV$2:BV14)/SUM('Large Sockeye'!BV:BV)) -> 1.4036649e-05 | BU14: 0 | BV14: 0 | BW14: 0 | BX14: 0 | BY14: 0 | BZ14: 0 | CA14: 0 | CB14: 0 | CC14: 0
A15: 46210 | B15: =IF('Large Sockeye'!D15="","",SUM('Large Sockeye'!D$2:D15)/SUM('Large Sockeye'!D:D)) -> 6.7189701e-06 | C15: =IF('Large Sockeye'!E15="","",SUM('Large Sockeye'!E$2:E15)/SUM('Large Sockeye'!E:E)) -> 3.0371251e-05 | E15: =IF('Large Sockeye'!G15="","",SUM('Large Sockeye'!G$2:G15)/SUM('Large Sockeye'!G:G)) -> 8.6376671e-06 | F15: =IF('Large Sockeye'!H15="","",SUM('Large Sockeye'!H$2:H15)/SUM('Large Sockeye'!H:H)) -> 0 | G15: 0 | H15: 0 | I15: =IF('Large Sockeye'!K15="","",SUM('Large Sockeye'!K$2:K15)/SUM('Large Sockeye'!K:K)) -> 7.2617528e-06 | J15: 0 | K15: =IF('Large Sockeye'!M15="","",SUM('Large Sockeye'!M$2:M15)/SUM('Large Sockeye'!M:M)) -> 1.3641262e-05 | L15: =IF('Large Sockeye'!N15="","",SUM('Large Sockeye'!N$2:N15)/SUM('Large Sockeye'!N:N)) -> 2.5188846e-05 | M15: =IF('Large Sockeye'!O15="","",SUM('Large Sockeye'!O$2:O15)/SUM('Large Sockeye'!O:O)) -> 2.2982905e-06 | N15: 0 | O15: 0 | P15: 0 | Q15: 0 | R15: 0 | S15: 0 | U15: 0 | V15: 0 | W15: 0 | X15: 0 | Y15: 0 | Z15: 0 | AA15: 0 | AB15: 0 | AC15: 0 | AD15: 0 | AE15: =IF('Large Sockeye'!AG15="","",SUM('Large Sockeye'!AG$2:AG15)/SUM('Large Sockeye'!AG:AG)) -> 1.2154065e-06 | AF15: 0 | AG15: 0 | AH15: 0 | AI15: =IF('Large Sockeye'!AK15="","",SUM('Large Sockeye'!AK$2:AK15)/SUM('Large Sockeye'!AK:AK)) -> 8.5988589e-07 | AJ15: =IF('Large Sockeye'!AL15="","",SUM('Large Sockeye'!AL$2:AL15)/SUM('Large Sockeye'!AL:AL)) -> 0.00015712585 | AK15: 0 | AL15: 0 | AM15: 0 | AN15: 0 | AO15: =IF('Large Sockeye'!AQ15="","",SUM('Large Sockeye'!AQ$2:AQ15)/SUM('Large Sockeye'!AQ:AQ)) -> 4.6511001e-07 | AP15: 0 | AQ15: 0 | AR15: 0 | AS15: =IF('Large Sockeye'!AU15="","",SUM('Large Sockeye'!AU$2:AU15)/SUM('Large Sockeye'!AU:AU)) -> 3.5263884e-06 | AT15: 0 | AU15: 0 | AV15: =IF('Large Sockeye'!AX15="","",SUM('Large Sockeye'!AX$2:AX15)/SUM('Large Sockeye'!AX:AX)) -> 8.7564404e-05 | AW15: 0 | AX15: 0 | AY15: =IF('Large Sockeye'!BA15="","",SUM('Large Sockeye'!BA$2:BA15)/SUM('Large Sockeye'!BA:BA)) -> 6.1529473e-05 | AZ15: =IF('Large Sockeye'!BB15="","",SUM('Large Sockeye'!BB$2:BB15)/SUM('Large Sockeye'!BB:BB)) -> 7.7130708e-05 | BA15: =IF('Large Sockeye'!BC15="","",SUM('Large Sockeye'!BC$2:BC15)/SUM('Large Sockeye'!BC:BC)) -> 9.4219582e-05 | BB15: =IF('Large Sockeye'!BD15="","",SUM('Large Sockeye'!BD$2:BD15)/SUM('Large Sockeye'!BD:BD)) -> 0.0034280538 | BC15: 0 | BD15: 0 | BE15: 0 | BF15: =IF('Large Sockeye'!BH15="","",SUM('Large Sockeye'!BH$2:BH15)/SUM('Large Sockeye'!BH:BH)) -> 7.9491642e-05 | BG15: 0 | BH15: =IF('Large Sockeye'!BJ15="","",SUM('Large Sockeye'!BJ$2:BJ15)/SUM('Large Sockeye'!BJ:BJ)) -> 9.660745e-05 | BI15: 0 | BJ15: =IF('Large Sockeye'!BL15="","",SUM('Large Sockeye'!BL$2:BL15)/SUM('Large Sockeye'!BL:BL)) -> 2.870089e-06 | BK15: 0 | BL15: 0 | BM15: 0 | BN15: 0 | BO15: 0 | BP15: 0 | BQ15: 0 | BR15: 0 | BS15: 0 | BT15: =IF('Large Sockeye'!BV15="","",SUM('Large Sockeye'!BV$2:BV15)/SUM('Large Sockeye'!BV:BV)) -> 3.5631493e-05 | BU15: 0 | BV15: 0 | BW15: 0 | BX15: 0 | BY15: 0 | BZ15: 0 | CA15: 0 | CB15: 0 | CC15: 0
A16: 46211 | B16: =IF('Large Sockeye'!D16="","",SUM('Large Sockeye'!D$2:D16)/SUM('Large Sockeye'!D:D)) -> 8.9586268e-06 | C16: =IF('Large Sockeye'!E16="","",SUM('Large Sockeye'!E$2:E16)/SUM('Large Sockeye'!E:E)) -> 6.0742501e-05 | E16: =IF('Large Sockeye'!G16="","",SUM('Large Sockeye'!G$2:G16)/SUM('Large Sockeye'!G:G)) -> 1.0797084e-05 | F16: =IF('Large Sockeye'!H16="","",SUM('Large Sockeye'!H$2:H16)/SUM('Large Sockeye'!H:H)) -> 0 | G16: 0 | H16: 0 | I16: =IF('Large Sockeye'!K16="","",SUM('Large Sockeye'!K$2:K16)/SUM('Large Sockeye'!K:K)) -> 3.1951712e-05 | J16: 0 | K16: =IF('Large Sockeye'!M16="","",SUM('Large Sockeye'!M$2:M16)/SUM('Large Sockeye'!M:M)) -> 2.7282524e-05 | L16: =IF('Large Sockeye'!N16="","",SUM('Large Sockeye'!N$2:N16)/SUM('Large Sockeye'!N:N)) -> 4.1981411e-05 | M16: =IF('Large Sockeye'!O16="","",SUM('Large Sockeye'!O$2:O16)/SUM('Large Sockeye'!O:O)) -> 2.2982905e-06 | N16: =IF('Large Sockeye'!P16="","",SUM('Large Sockeye'!P$2:P16)/SUM('Large Sockeye'!P:P)) -> 4.9139566e-05 | O16: 0 | P16: 0 | Q16: =IF('Large Sockeye'!S16="","",SUM('Large Sockeye'!S$2:S16)/SUM('Large Sockeye'!S:S)) -> 6.3581414e-06 | R16: 0 | S16: 0 | U16: 0 | V16: 0 | W16: 0 | X16: 0 | Y16: 0 | Z16: 0 | AA16: 0 | AB16: 0 | AC16: 0 | AD16: 0 | AE16: =IF('Large Sockeye'!AG16="","",SUM('Large Sockeye'!AG$2:AG16)/SUM('Large Sockeye'!AG:AG)) -> 1.2154065e-06 | AF16: 0 | AG16: =IF('Large Sockeye'!AI16="","",SUM('Large Sockeye'!AI$2:AI16)/SUM('Large Sockeye'!AI:AI)) -> 1.0638649e-06 | AH16: 0 | AI16: =IF('Large Sockeye'!AK16="","",SUM('Large Sockeye'!AK$2:AK16)/SUM('Large Sockeye'!AK:AK)) -> 3.4395436e-06 | AJ16: =IF('Large Sockeye'!AL16="","",SUM('Large Sockeye'!AL$2:AL16)/SUM('Large Sockeye'!AL:AL)) -> 0.00016469818 | AK16: 0 | AL16: 0 | AM16: 0 | AN16: 0 | AO16: =IF('Large Sockeye'!AQ16="","",SUM('Large Sockeye'!AQ$2:AQ16)/SUM('Large Sockeye'!AQ:AQ)) -> 1.86044e-06 | AP16: 0 | AQ16: 0 | AR16: 0 | AS16: =IF('Large Sockeye'!AU16="","",SUM('Large Sockeye'!AU$2:AU16)/SUM('Large Sockeye'!AU:AU)) -> 1.2342359e-05 | AT16: 0 | AU16: =IF('Large Sockeye'!AW16="","",SUM('Large Sockeye'!AW$2:AW16)/SUM('Large Sockeye'!AW:AW)) -> 0 | AV16: =IF('Large Sockeye'!AX16="","",SUM('Large Sockeye'!AX$2:AX16)/SUM('Large Sockeye'!AX:AX)) -> 0.00013753424 | AW16: =IF('Large Sockeye'!AY16="","",SUM('Large Sockeye'!AY$2:AY16)/SUM('Large Sockeye'!AY:AY)) -> 5.7490461e-07 | AX16: 0 | AY16: =IF('Large Sockeye'!BA16="","",SUM('Large Sockeye'!BA$2:BA16)/SUM('Large Sockeye'!BA:BA)) -> 0.00013973516 | AZ16: =IF('Large Sockeye'!BB16="","",SUM('Large Sockeye'!BB$2:BB16)/SUM('Large Sockeye'!BB:BB)) -> 0.00012114641 | BA16: =IF('Large Sockeye'!BC16="","",SUM('Large Sockeye'!BC$2:BC16)/SUM('Large Sockeye'!BC:BC)) -> 0.00014798729 | BB16: =IF('Large Sockeye'!BD16="","",SUM('Large Sockeye'!BD$2:BD16)/SUM('Large Sockeye'!BD:BD)) -> 0.0052162641 | BC16: 0 | BD16: 0 | BE16: 0 | BF16: =IF('Large Sockeye'!BH16="","",SUM('Large Sockeye'!BH$2:BH16)/SUM('Large Sockeye'!BH:BH)) -> 0.00012485465 | BG16: 0 | BH16: =IF('Large Sockeye'!BJ16="","",SUM('Large Sockeye'!BJ$2:BJ16)/SUM('Large Sockeye'!BJ:BJ)) -> 0.00018561656 | BI16: 0 | BJ16: =IF('Large Sockeye'!BL16="","",SUM('Large Sockeye'!BL$2:BL16)/SUM('Large Sockeye'!BL:BL)) -> 7.1752225e-06 | BK16: 0 | BL16: 0 | BM16: 0 | BN16: 0 | BO16: 0 | BP16: 0 | BQ16: 0 | BR16: 0 | BS16: 0 | BT16: =IF('Large Sockeye'!BV16="","",SUM('Large Sockeye'!BV$2:BV16)/SUM('Large Sockeye'!BV:BV)) -> 7.7741438e-05 | BU16: 0 | BV16: 0 | BW16: 0 | BX16: 0 | BY16: 0 | BZ16: 0 | CA16: 0 | CB16: 0 | CC16: 0
A17: 46212 | B17: =IF('Large Sockeye'!D17="","",SUM('Large Sockeye'!D$2:D17)/SUM('Large Sockeye'!D:D)) -> 2.4636224e-05 | C17: =IF('Large Sockeye'!E17="","",SUM('Large Sockeye'!E$2:E17)/SUM('Large Sockeye'!E:E)) -> 9.8706564e-05 | E17: =IF('Large Sockeye'!G17="","",SUM('Large Sockeye'!G$2:G17)/SUM('Large Sockeye'!G:G)) -> 1.2956501e-05 | F17: =IF('Large Sockeye'!H17="","",SUM('Large Sockeye'!H$2:H17)/SUM('Large Sockeye'!H:H)) -> 0 | G17: 0 | H17: 0 | I17: =IF('Large Sockeye'!K17="","",SUM('Large Sockeye'!K$2:K17)/SUM('Large Sockeye'!K:K)) -> 6.0998723e-05 | J17: 0 | K17: =IF('Large Sockeye'!M17="","",SUM('Large Sockeye'!M$2:M17)/SUM('Large Sockeye'!M:M)) -> 2.7282524e-05 | L17: =IF('Large Sockeye'!N17="","",SUM('Large Sockeye'!N$2:N17)/SUM('Large Sockeye'!N:N)) -> 5.3176453e-05 | M17: =IF('Large Sockeye'!O17="","",SUM('Large Sockeye'!O$2:O17)/SUM('Large Sockeye'!O:O)) -> 2.2982905e-06 | N17: =IF('Large Sockeye'!P17="","",SUM('Large Sockeye'!P$2:P17)/SUM('Large Sockeye'!P:P)) -> 0.00018304488 | O17: 0 | P17: 0 | Q17: =IF('Large Sockeye'!S17="","",SUM('Large Sockeye'!S$2:S17)/SUM('Large Sockeye'!S:S)) -> 8.4775219e-06 | R17: 0 | S17: 0 | U17: 0 | V17: 0 | W17: 0 | X17: 0 | Y17: 0 | Z17: 0 | AA17: 0 | AB17: 0 | AC17: 0 | AD17: 0 | AE17: =IF('Large Sockeye'!AG17="","",SUM('Large Sockeye'!AG$2:AG17)/SUM('Large Sockeye'!AG:AG)) -> 1.2154065e-06 | AF17: 0 | AG17: =IF('Large Sockeye'!AI17="","",SUM('Large Sockeye'!AI$2:AI17)/SUM('Large Sockeye'!AI:AI)) -> 4.2554595e-06 | AH17: 0 | AI17: =IF('Large Sockeye'!AK17="","",SUM('Large Sockeye'!AK$2:AK17)/SUM('Large Sockeye'!AK:AK)) -> 6.0192013e-06 | AJ17: =IF('Large Sockeye'!AL17="","",SUM('Large Sockeye'!AL$2:AL17)/SUM('Large Sockeye'!AL:AL)) -> 0.00020445291 | AK17: 0 | AL17: 0 | AM17: 0 | AN17: =IF('Large Sockeye'!AP17="","",SUM('Large Sockeye'!AP$2:AP17)/SUM('Large Sockeye'!AP:AP)) -> 1.8968691e-06 | AO17: =IF('Large Sockeye'!AQ17="","",SUM('Large Sockeye'!AQ$2:AQ17)/SUM('Large Sockeye'!AQ:AQ)) -> 1.86044e-06 | AP17: 0 | AQ17: 0 | AR17: 0 | AS17: =IF('Large Sockeye'!AU17="","",SUM('Large Sockeye'!AU$2:AU17)/SUM('Large Sockeye'!AU:AU)) -> 3.4382287e-05 | AT17: 0 | AU17: =IF('Large Sockeye'!AW17="","",SUM('Large Sockeye'!AW$2:AW17)/SUM('Large Sockeye'!AW:AW)) -> 0 | AV17: =IF('Large Sockeye'!AX17="","",SUM('Large Sockeye'!AX$2:AX17)/SUM('Large Sockeye'!AX:AX)) -> 0.00023292694 | AW17: =IF('Large Sockeye'!AY17="","",SUM('Large Sockeye'!AY$2:AY17)/SUM('Large Sockeye'!AY:AY)) -> 1.7247138e-06 | AX17: 0 | AY17: =IF('Large Sockeye'!BA17="","",SUM('Large Sockeye'!BA$2:BA17)/SUM('Large Sockeye'!BA:BA)) -> 0.00029384636 | AZ17: =IF('Large Sockeye'!BB17="","",SUM('Large Sockeye'!BB$2:BB17)/SUM('Large Sockeye'!BB:BB)) -> 0.00020517264 | BA17: =IF('Large Sockeye'!BC17="","",SUM('Large Sockeye'!BC$2:BC17)/SUM('Large Sockeye'!BC:BC)) -> 0.00025063014 | BB17: =IF('Large Sockeye'!BD17="","",SUM('Large Sockeye'!BD$2:BD17)/SUM('Large Sockeye'!BD:BD)) -> 0.0086091784 | BC17: 0 | BD17: 0 | BE17: 0 | BF17: =IF('Large Sockeye'!BH17="","",SUM('Large Sockeye'!BH$2:BH17)/SUM('Large Sockeye'!BH:BH)) -> 0.00021145288 | BG17: 0 | BH17: =IF('Large Sockeye'!BJ17="","",SUM('Large Sockeye'!BJ$2:BJ17)/SUM('Large Sockeye'!BJ:BJ)) -> 0.00026159995 | BI17: 0 | BJ17: =IF('Large Sockeye'!BL17="","",SUM('Large Sockeye'!BL$2:BL17)/SUM('Large Sockeye'!BL:BL)) -> 8.610267e-06 | BK17: 0 | BL17: 0 | BM17: 0 | BN17: 0 | BO17: 0 | BP17: 0 | BQ17: 0 | BR17: 0 | BS17: 0 | BT17: =IF('Large Sockeye'!BV17="","",SUM('Large Sockeye'!BV$2:BV17)/SUM('Large Sockeye'!BV:BV)) -> 0.00012956906 | BU17: 0 | BV17: 0 | BW17: 0 | BX17: 0 | BY17: 0 | BZ17: 0 | CA17: 0 | CB17: =IF('Large Sockeye'!CD17="","",SUM('Large Sockeye'!CD$2:CD17)/SUM('Large Sockeye'!CD:CD)) -> 0 | CC17: 0
A18: 46213 | B18: =IF('Large Sockeye'!D18="","",SUM('Large Sockeye'!D$2:D18)/SUM('Large Sockeye'!D:D)) -> 2.9115537e-05 | C18: =IF('Large Sockeye'!E18="","",SUM('Large Sockeye'!E$2:E18)/SUM('Large Sockeye'!E:E)) -> 0.00011389219 | E18: =IF('Large Sockeye'!G18="","",SUM('Large Sockeye'!G$2:G18)/SUM('Large Sockeye'!G:G)) -> 1.2956501e-05 | F18: =IF('Large Sockeye'!H18="","",SUM('Large Sockeye'!H$2:H18)/SUM('Large Sockeye'!H:H)) -> 8.189874e-06 | G18: 0 | H18: 0 | I18: =IF('Large Sockeye'!K18="","",SUM('Large Sockeye'!K$2:K18)/SUM('Large Sockeye'!K:K)) -> 7.9879281e-05 | J18: 0 | K18: =IF('Large Sockeye'!M18="","",SUM('Large Sockeye'!M$2:M18)/SUM('Large Sockeye'!M:M)) -> 2.7282524e-05 | L18: =IF('Large Sockeye'!N18="","",SUM('Large Sockeye'!N$2:N18)/SUM('Large Sockeye'!N:N)) -> 6.7170257e-05 | M18: =IF('Large Sockeye'!O18="","",SUM('Large Sockeye'!O$2:O18)/SUM('Large Sockeye'!O:O)) -> 6.8948716e-06 | N18: =IF('Large Sockeye'!P18="","",SUM('Large Sockeye'!P$2:P18)/SUM('Large Sockeye'!P:P)) -> 0.00091276744 | O18: 0 | P18: 0 | Q18: =IF('Large Sockeye'!S18="","",SUM('Large Sockeye'!S$2:S18)/SUM('Large Sockeye'!S:S)) -> 1.5895353e-05 | R18: 0 | S18: 0 | U18: 0 | V18: 0 | W18: 0 | X18: 0 | Y18: 0 | Z18: =IF('Large Sockeye'!AB18="","",SUM('Large Sockeye'!AB$2:AB18)/SUM('Large Sockeye'!AB:AB)) -> 0 | AA18: 0 | AB18: 0 | AC18: 0 | AD18: 0 | AE18: =IF('Large Sockeye'!AG18="","",SUM('Large Sockeye'!AG$2:AG18)/SUM('Large Sockeye'!AG:AG)) -> 2.430813e-06 | AF18: 0 | AG18: =IF('Large Sockeye'!AI18="","",SUM('Large Sockeye'!AI$2:AI18)/SUM('Large Sockeye'!AI:AI)) -> 6.3831892e-06 | AH18: 0 | AI18: =IF('Large Sockeye'!AK18="","",SUM('Large Sockeye'!AK$2:AK18)/SUM('Large Sockeye'!AK:AK)) -> 6.8790871e-06 | AJ18: =IF('Large Sockeye'!AL18="","",SUM('Large Sockeye'!AL$2:AL18)/SUM('Large Sockeye'!AL:AL)) -> 0.00050734611 | AK18: 0 | AL18: 0 | AM18: =IF('Large Sockeye'!AO18="","",SUM('Large Sockeye'!AO$2:AO18)/SUM('Large Sockeye'!AO:AO)) -> 1.1256495e-06 | AN18: =IF('Large Sockeye'!AP18="","",SUM('Large Sockeye'!AP$2:AP18)/SUM('Large Sockeye'!AP:AP)) -> 2.8453037e-06 | AO18: =IF('Large Sockeye'!AQ18="","",SUM('Large Sockeye'!AQ$2:AQ18)/SUM('Large Sockeye'!AQ:AQ)) -> 1.86044e-06 | AP18: 0 | AQ18: 0 | AR18: 0 | AS18: =IF('Large Sockeye'!AU18="","",SUM('Large Sockeye'!AU$2:AU18)/SUM('Large Sockeye'!AU:AU)) -> 6.8764574e-05 | AT18: 0 | AU18: =IF('Large Sockeye'!AW18="","",SUM('Large Sockeye'!AW$2:AW18)/SUM('Large Sockeye'!AW:AW)) -> 1.0184086e-05 | AV18: =IF('Large Sockeye'!AX18="","",SUM('Large Sockeye'!AX$2:AX18)/SUM('Large Sockeye'!AX:AX)) -> 0.00029513142 | AW18: =IF('Large Sockeye'!AY18="","",SUM('Large Sockeye'!AY$2:AY18)/SUM('Large Sockeye'!AY:AY)) -> 5.1741415e-06 | AX18: 0 | AY18: =IF('Large Sockeye'!BA18="","",SUM('Large Sockeye'!BA$2:BA18)/SUM('Large Sockeye'!BA:BA)) -> 0.00050431166 | AZ18: =IF('Large Sockeye'!BB18="","",SUM('Large Sockeye'!BB$2:BB18)/SUM('Large Sockeye'!BB:BB)) -> 0.00025996517 | BA18: =IF('Large Sockeye'!BC18="","",SUM('Large Sockeye'!BC$2:BC18)/SUM('Large Sockeye'!BC:BC)) -> 0.00031756236 | BB18: =IF('Large Sockeye'!BD18="","",SUM('Large Sockeye'!BD$2:BD18)/SUM('Large Sockeye'!BD:BD)) -> 0.010370058 | BC18: 0 | BD18: 0 | BE18: 0 | BF18: =IF('Large Sockeye'!BH18="","",SUM('Large Sockeye'!BH$2:BH18)/SUM('Large Sockeye'!BH:BH)) -> 0.00026792258 | BG18: 0 | BH18: =IF('Large Sockeye'!BJ18="","",SUM('Large Sockeye'!BJ$2:BJ18)/SUM('Large Sockeye'!BJ:BJ)) -> 0.00033541238 | BI18: 0 | BJ18: =IF('Large Sockeye'!BL18="","",SUM('Large Sockeye'!BL$2:BL18)/SUM('Large Sockeye'!BL:BL)) -> 1.0762834e-05 | BK18: 0 | BL18: 0 | BM18: 0 | BN18: 0 | BO18: 0 | BP18: 0 | BQ18: 0 | BR18: 0 | BS18: 0 | BT18: =IF('Large Sockeye'!BV18="","",SUM('Large Sockeye'!BV$2:BV18)/SUM('Large Sockeye'!BV:BV)) -> 0.00021918767 | BU18: 0 | BV18: 0 | BW18: 0 | BX18: 0 | BY18: 0 | BZ18: 0 | CA18: 0 | CB18: =IF('Large Sockeye'!CD18="","",SUM('Large Sockeye'!CD$2:CD18)/SUM('Large Sockeye'!CD:CD)) -> 0 | CC18: 0
A19: 46214 | B19: =IF('Large Sockeye'!D19="","",SUM('Large Sockeye'!D$2:D19)/SUM('Large Sockeye'!D:D)) -> 9.1825925e-05 | C19: =IF('Large Sockeye'!E19="","",SUM('Large Sockeye'!E$2:E19)/SUM('Large Sockeye'!E:E)) -> 0.00014805985 | E19: =IF('Large Sockeye'!G19="","",SUM('Large Sockeye'!G$2:G19)/SUM('Large Sockeye'!G:G)) -> 1.5115917e-05 | F19: =IF('Large Sockeye'!H19="","",SUM('Large Sockeye'!H$2:H19)/SUM('Large Sockeye'!H:H)) -> 2.729958e-05 | G19: 0 | H19: 0 | I19: =IF('Large Sockeye'!K19="","",SUM('Large Sockeye'!K$2:K19)/SUM('Large Sockeye'!K:K)) -> 0.0001234498 | J19: 0 | K19: =IF('Large Sockeye'!M19="","",SUM('Large Sockeye'!M$2:M19)/SUM('Large Sockeye'!M:M)) -> 8.1847573e-05 | L19: =IF('Large Sockeye'!N19="","",SUM('Large Sockeye'!N$2:N19)/SUM('Large Sockeye'!N:N)) -> 9.7956625e-05 | M19: =IF('Large Sockeye'!O19="","",SUM('Large Sockeye'!O$2:O19)/SUM('Large Sockeye'!O:O)) -> 9.1931621e-06 | N19: =IF('Large Sockeye'!P19="","",SUM('Large Sockeye'!P$2:P19)/SUM('Large Sockeye'!P:P)) -> 0.002777614 | O19: 0 | P19: 0 | Q19: =IF('Large Sockeye'!S19="","",SUM('Large Sockeye'!S$2:S19)/SUM('Large Sockeye'!S:S)) -> 1.9074424e-05 | R19: 0 | S19: 0 | U19: 0 | V19: 0 | W19: 0 | X19: 0 | Y19: 0 | Z19: =IF('Large Sockeye'!AB19="","",SUM('Large Sockeye'!AB$2:AB19)/SUM('Large Sockeye'!AB:AB)) -> 0 | AA19: 0 | AB19: 0 | AC19: =IF('Large Sockeye'!AE19="","",SUM('Large Sockeye'!AE$2:AE19)/SUM('Large Sockeye'!AE:AE)) -> 1.250885e-06 | AD19: =IF('Large Sockeye'!AF19="","",SUM('Large Sockeye'!AF$2:AF19)/SUM('Large Sockeye'!AF:AF)) -> 1.3718099e-06 | AE19: =IF('Large Sockeye'!AG19="","",SUM('Large Sockeye'!AG$2:AG19)/SUM('Large Sockeye'!AG:AG)) -> 1.2154065e-05 | AF19: 0 | AG19: =IF('Large Sockeye'!AI19="","",SUM('Large Sockeye'!AI$2:AI19)/SUM('Large Sockeye'!AI:AI)) -> 1.7021838e-05 | AH19: =IF('Large Sockeye'!AJ19="","",SUM('Large Sockeye'!AJ$2:AJ19)/SUM('Large Sockeye'!AJ:AJ)) -> 0.00041904705 | AI19: =IF('Large Sockeye'!AK19="","",SUM('Large Sockeye'!AK$2:AK19)/SUM('Large Sockeye'!AK:AK)) -> 7.738973e-06 | AJ19: =IF('Large Sockeye'!AL19="","",SUM('Large Sockeye'!AL$2:AL19)/SUM('Large Sockeye'!AL:AL)) -> 0.001101774 | AK19: 0 | AL19: =IF('Large Sockeye'!AN19="","",SUM('Large Sockeye'!AN$2:AN19)/SUM('Large Sockeye'!AN:AN)) -> 1.7562084e-06 | AM19: =IF('Large Sockeye'!AO19="","",SUM('Large Sockeye'!AO$2:AO19)/SUM('Large Sockeye'!AO:AO)) -> 1.1256495e-06 | AN19: =IF('Large Sockeye'!AP19="","",SUM('Large Sockeye'!AP$2:AP19)/SUM('Large Sockeye'!AP:AP)) -> 4.7421728e-06 | AO19: =IF('Large Sockeye'!AQ19="","",SUM('Large Sockeye'!AQ$2:AQ19)/SUM('Large Sockeye'!AQ:AQ)) -> 1.86044e-06 | AP19: 0 | AQ19: 0 | AR19: 0 | AS19: =IF('Large Sockeye'!AU19="","",SUM('Large Sockeye'!AU$2:AU19)/SUM('Large Sockeye'!AU:AU)) -> 0.00014810831 | AT19: 0 | AU19: =IF('Large Sockeye'!AW19="","",SUM('Large Sockeye'!AW$2:AW19)/SUM('Large Sockeye'!AW:AW)) -> 1.5276129e-05 | AV19: =IF('Large Sockeye'!AX19="","",SUM('Large Sockeye'!AX$2:AX19)/SUM('Large Sockeye'!AX:AX)) -> 0.00036853926 | AW19: =IF('Large Sockeye'!AY19="","",SUM('Large Sockeye'!AY$2:AY19)/SUM('Large Sockeye'!AY:AY)) -> 1.9546757e-05 | AX19: 0 | AY19: =IF('Large Sockeye'!BA19="","",SUM('Large Sockeye'!BA$2:BA19)/SUM('Large Sockeye'!BA:BA)) -> 0.00078665719 | AZ19: =IF('Large Sockeye'!BB19="","",SUM('Large Sockeye'!BB$2:BB19)/SUM('Large Sockeye'!BB:BB)) -> 0.00032462614 | BA19: =IF('Large Sockeye'!BC19="","",SUM('Large Sockeye'!BC$2:BC19)/SUM('Large Sockeye'!BC:BC)) -> 0.00039654944 | BB19: =IF('Large Sockeye'!BD19="","",SUM('Large Sockeye'!BD$2:BD19)/SUM('Large Sockeye'!BD:BD)) -> 0.012224643 | BC19: 0 | BD19: 0 | BE19: 0 | BF19: =IF('Large Sockeye'!BH19="","",SUM('Large Sockeye'!BH$2:BH19)/SUM('Large Sockeye'!BH:BH)) -> 0.00033456279 | BG19: 0 | BH19: =IF('Large Sockeye'!BJ19="","",SUM('Large Sockeye'!BJ$2:BJ19)/SUM('Large Sockeye'!BJ:BJ)) -> 0.00047978082 | BI19: 0 | BJ19: =IF('Large Sockeye'!BL19="","",SUM('Large Sockeye'!BL$2:BL19)/SUM('Large Sockeye'!BL:BL)) -> 1.7220534e-05 | BK19: 0 | BL19: 0 | BM19: 0 | BN19: 0 | BO19: 0 | BP19: 0 | BQ19: 0 | BR19: =IF('Large Sockeye'!BT19="","",SUM('Large Sockeye'!BT$2:BT19)/SUM('Large Sockeye'!BT:BT)) -> 0 | BS19: 0 | BT19: =IF('Large Sockeye'!BV19="","",SUM('Large Sockeye'!BV$2:BV19)/SUM('Large Sockeye'!BV:BV)) -> 0.0004632094 | BU19: 0 | BV19: 0 | BW19: 0 | BX19: 0 | BY19: 0 | BZ19: 0 | CA19: 0 | CB19: =IF('Large Sockeye'!CD19="","",SUM('Large Sockeye'!CD$2:CD19)/SUM('Large Sockeye'!CD:CD)) -> 0 | CC19: 0
A20: 46215 | B20: =IF('Large Sockeye'!D20="","",SUM('Large Sockeye'!D$2:D20)/SUM('Large Sockeye'!D:D)) -> 0.0002015691 | C20: =IF('Large Sockeye'!E20="","",SUM('Large Sockeye'!E$2:E20)/SUM('Large Sockeye'!E:E)) -> 0.00020500594 | E20: =IF('Large Sockeye'!G20="","",SUM('Large Sockeye'!G$2:G20)/SUM('Large Sockeye'!G:G)) -> 3.0231835e-05 | F20: =IF('Large Sockeye'!H20="","",SUM('Large Sockeye'!H$2:H20)/SUM('Large Sockeye'!H:H)) -> 6.5518992e-05 | G20: =IF('Large Sockeye'!I20="","",SUM('Large Sockeye'!I$2:I20)/SUM('Large Sockeye'!I:I)) -> 0 | H20: 0 | I20: =IF('Large Sockeye'!K20="","",SUM('Large Sockeye'!K$2:K20)/SUM('Large Sockeye'!K:K)) -> 0.00023382844 | J20: 0 | K20: =IF('Large Sockeye'!M20="","",SUM('Large Sockeye'!M$2:M20)/SUM('Large Sockeye'!M:M)) -> 8.1847573e-05 | L20: =IF('Large Sockeye'!N20="","",SUM('Large Sockeye'!N$2:N20)/SUM('Large Sockeye'!N:N)) -> 0.00015952936 | M20: =IF('Large Sockeye'!O20="","",SUM('Large Sockeye'!O$2:O20)/SUM('Large Sockeye'!O:O)) -> 3.9070939e-05 | N20: =IF('Large Sockeye'!P20="","",SUM('Large Sockeye'!P$2:P20)/SUM('Large Sockeye'!P:P)) -> 0.009287378 | O20: 0 | P20: =IF('Large Sockeye'!R20="","",SUM('Large Sockeye'!R$2:R20)/SUM('Large Sockeye'!R:R)) -> 3.7781615e-06 | Q20: =IF('Large Sockeye'!S20="","",SUM('Large Sockeye'!S$2:S20)/SUM('Large Sockeye'!S:S)) -> 2.9671326e-05 | R20: =IF('Large Sockeye'!T20="","",SUM('Large Sockeye'!T$2:T20)/SUM('Large Sockeye'!T:T)) -> 0 | S20: =IF('Large Sockeye'!U20="","",SUM('Large Sockeye'!U$2:U20)/SUM('Large Sockeye'!U:U)) -> 5.0850647e-06 | U20: 0 | V20: 0 | W20: 0 | X20: 0 | Y20: 0 | Z20: =IF('Large Sockeye'!AB20="","",SUM('Large Sockeye'!AB$2:AB20)/SUM('Large Sockeye'!AB:AB)) -> 4.5182764e-06 | AA20: =IF('Large Sockeye'!AC20="","",SUM('Large Sockeye'!AC$2:AC20)/SUM('Large Sockeye'!AC:AC)) -> 1.2225372e-06 | AB20: 0 | AC20: =IF('Large Sockeye'!AE20="","",SUM('Large Sockeye'!AE$2:AE20)/SUM('Large Sockeye'!AE:AE)) -> 1.250885e-06 | AD20: =IF('Large Sockeye'!AF20="","",SUM('Large Sockeye'!AF$2:AF20)/SUM('Large Sockeye'!AF:AF)) -> 1.3718099e-05 | AE20: =IF('Large Sockeye'!AG20="","",SUM('Large Sockeye'!AG$2:AG20)/SUM('Large Sockeye'!AG:AG)) -> 1.9446504e-05 | AF20: 0 | AG20: =IF('Large Sockeye'!AI20="","",SUM('Large Sockeye'!AI$2:AI20)/SUM('Large Sockeye'!AI:AI)) -> 5.1065514e-05 | AH20: =IF('Large Sockeye'!AJ20="","",SUM('Large Sockeye'!AJ$2:AJ20)/SUM('Large Sockeye'!AJ:AJ)) -> 0.0019886138 | AI20: =IF('Large Sockeye'!AK20="","",SUM('Large Sockeye'!AK$2:AK20)/SUM('Large Sockeye'!AK:AK)) -> 1.3758174e-05 | AJ20: =IF('Large Sockeye'!AL20="","",SUM('Large Sockeye'!AL$2:AL20)/SUM('Large Sockeye'!AL:AL)) -> 0.0022887367 | AK20: =IF('Large Sockeye'!AM20="","",SUM('Large Sockeye'!AM$2:AM20)/SUM('Large Sockeye'!AM:AM)) -> 4.1820152e-06 | AL20: =IF('Large Sockeye'!AN20="","",SUM('Large Sockeye'!AN$2:AN20)/SUM('Large Sockeye'!AN:AN)) -> 5.2686252e-06 | AM20: =IF('Large Sockeye'!AO20="","",SUM('Large Sockeye'!AO$2:AO20)/SUM('Large Sockeye'!AO:AO)) -> 2.251299e-06 | AN20: =IF('Large Sockeye'!AP20="","",SUM('Large Sockeye'!AP$2:AP20)/SUM('Large Sockeye'!AP:AP)) -> 5.6906074e-06 | AO20: =IF('Large Sockeye'!AQ20="","",SUM('Large Sockeye'!AQ$2:AQ20)/SUM('Large Sockeye'!AQ:AQ)) -> 2.79066e-06 | AP20: 0 | AQ20: 0 | AR20: 0 | AS20: =IF('Large Sockeye'!AU20="","",SUM('Large Sockeye'!AU$2:AU20)/SUM('Large Sockeye'!AU:AU)) -> 0.00033941488 | AT20: 0 | AU20: =IF('Large Sockeye'!AW20="","",SUM('Large Sockeye'!AW$2:AW20)/SUM('Large Sockeye'!AW:AW)) -> 1.9519498e-05 | AV20: =IF('Large Sockeye'!AX20="","",SUM('Large Sockeye'!AX$2:AX20)/SUM('Large Sockeye'!AX:AX)) -> 0.00045558803 | AW20: =IF('Large Sockeye'!AY20="","",SUM('Large Sockeye'!AY$2:AY20)/SUM('Large Sockeye'!AY:AY)) -> 4.3117846e-05 | AX20: 0 | AY20: =IF('Large Sockeye'!BA20="","",SUM('Large Sockeye'!BA$2:BA20)/SUM('Large Sockeye'!BA:BA)) -> 0.0013082201 | AZ20: =IF('Large Sockeye'!BB20="","",SUM('Large Sockeye'!BB$2:BB20)/SUM('Large Sockeye'!BB:BB)) -> 0.00040130265 | BA20: =IF('Large Sockeye'!BC20="","",SUM('Large Sockeye'!BC$2:BC20)/SUM('Large Sockeye'!BC:BC)) -> 0.0004902142 | BB20: =IF('Large Sockeye'!BD20="","",SUM('Large Sockeye'!BD$2:BD20)/SUM('Large Sockeye'!BD:BD)) -> 0.013550183 | BC20: 0 | BD20: 0 | BE20: 0 | BF20: =IF('Large Sockeye'!BH20="","",SUM('Large Sockeye'!BH$2:BH20)/SUM('Large Sockeye'!BH:BH)) -> 0.00041358633 | BG20: 0 | BH20: =IF('Large Sockeye'!BJ20="","",SUM('Large Sockeye'!BJ$2:BJ20)/SUM('Large Sockeye'!BJ:BJ)) -> 0.00084667204 | BI20: =IF('Large Sockeye'!BK20="","",SUM('Large Sockeye'!BK$2:BK20)/SUM('Large Sockeye'!BK:BK)) -> 4.2182049e-06 | BJ20: =IF('Large Sockeye'!BL20="","",SUM('Large Sockeye'!BL$2:BL20)/SUM('Large Sockeye'!BL:BL)) -> 2.5113279e-05 | BK20: 0 | BL20: 0 | BM20: 0 | BN20: =IF('Large Sockeye'!BP20="","",SUM('Large Sockeye'!BP$2:BP20)/SUM('Large Sockeye'!BP:BP)) -> 3.1198133e-06 | BO20: 0 | BP20: 0 | BQ20: 0 | BR20: =IF('Large Sockeye'!BT20="","",SUM('Large Sockeye'!BT$2:BT20)/SUM('Large Sockeye'!BT:BT)) -> 0 | BS20: 0 | BT20: =IF('Large Sockeye'!BV20="","",SUM('Large Sockeye'!BV$2:BV20)/SUM('Large Sockeye'!BV:BV)) -> 0.0014328179 | BU20: 0 | BV20: 0 | BW20: 0 | BX20: 0 | BY20: 0 | BZ20: 0 | CA20: 0 | CB20: =IF('Large Sockeye'!CD20="","",SUM('Large Sockeye'!CD$2:CD20)/SUM('Large Sockeye'!CD:CD)) -> 0 | CC20: 0
A21: 46216 | B21: =IF('Large Sockeye'!D21="","",SUM('Large Sockeye'!D$2:D21)/SUM('Large Sockeye'!D:D)) -> 0.00062934353 | C21: =IF('Large Sockeye'!E21="","",SUM('Large Sockeye'!E$2:E21)/SUM('Large Sockeye'!E:E)) -> 0.00025815563 | E21: =IF('Large Sockeye'!G21="","",SUM('Large Sockeye'!G$2:G21)/SUM('Large Sockeye'!G:G)) -> 6.9101337e-05 | F21: =IF('Large Sockeye'!H21="","",SUM('Large Sockeye'!H$2:H21)/SUM('Large Sockeye'!H:H)) -> 0.00015833756 | G21: =IF('Large Sockeye'!I21="","",SUM('Large Sockeye'!I$2:I21)/SUM('Large Sockeye'!I:I)) -> 0 | H21: 0 | I21: =IF('Large Sockeye'!K21="","",SUM('Large Sockeye'!K$2:K21)/SUM('Large Sockeye'!K:K)) -> 0.00032968358 | J21: 0 | K21: =IF('Large Sockeye'!M21="","",SUM('Large Sockeye'!M$2:M21)/SUM('Large Sockeye'!M:M)) -> 8.1847573e-05 | L21: =IF('Large Sockeye'!N21="","",SUM('Large Sockeye'!N$2:N21)/SUM('Large Sockeye'!N:N)) -> 0.00019591325 | M21: =IF('Large Sockeye'!O21="","",SUM('Large Sockeye'!O$2:O21)/SUM('Large Sockeye'!O:O)) -> 4.8264101e-05 | N21: =IF('Large Sockeye'!P21="","",SUM('Large Sockeye'!P$2:P21)/SUM('Large Sockeye'!P:P)) -> 0.02971101 | O21: 0 | P21: =IF('Large Sockeye'!R21="","",SUM('Large Sockeye'!R$2:R21)/SUM('Large Sockeye'!R:R)) -> 1.1334484e-05 | Q21: =IF('Large Sockeye'!S21="","",SUM('Large Sockeye'!S$2:S21)/SUM('Large Sockeye'!S:S)) -> 4.450699e-05 | R21: =IF('Large Sockeye'!T21="","",SUM('Large Sockeye'!T$2:T21)/SUM('Large Sockeye'!T:T)) -> 5.4549719e-06 | S21: =IF('Large Sockeye'!U21="","",SUM('Large Sockeye'!U$2:U21)/SUM('Large Sockeye'!U:U)) -> 6.7800862e-06 | T21: =IF('Large Sockeye'!V21="","",SUM('Large Sockeye'!V$2:V21)/SUM('Large Sockeye'!V:V)) | U21: =IF('Large Sockeye'!W21="","",SUM('Large Sockeye'!W$2:W21)/SUM('Large Sockeye'!W:W)) -> 8.591582e-06 | V21: 0 | W21: 0 | X21: 0 | Y21: 0 | Z21: =IF('Large Sockeye'!AB21="","",SUM('Large Sockeye'!AB$2:AB21)/SUM('Large Sockeye'!AB:AB)) -> 6.0243686e-06 | AA21: =IF('Large Sockeye'!AC21="","",SUM('Large Sockeye'!AC$2:AC21)/SUM('Large Sockeye'!AC:AC)) -> 7.3352234e-06 | AB21: 0 | AC21: =IF('Large Sockeye'!AE21="","",SUM('Large Sockeye'!AE$2:AE21)/SUM('Large Sockeye'!AE:AE)) -> 1.250885e-06 | AD21: =IF('Large Sockeye'!AF21="","",SUM('Large Sockeye'!AF$2:AF21)/SUM('Large Sockeye'!AF:AF)) -> 2.4692577e-05 | AE21: =IF('Large Sockeye'!AG21="","",SUM('Large Sockeye'!AG$2:AG21)/SUM('Large Sockeye'!AG:AG)) -> 2.7954349e-05 | AF21: 0 | AG21: =IF('Large Sockeye'!AI21="","",SUM('Large Sockeye'!AI$2:AI21)/SUM('Large Sockeye'!AI:AI)) -> 9.2556244e-05 | AH21: =IF('Large Sockeye'!AJ21="","",SUM('Large Sockeye'!AJ$2:AJ21)/SUM('Large Sockeye'!AJ:AJ)) -> 0.0040342577 | AI21: =IF('Large Sockeye'!AK21="","",SUM('Large Sockeye'!AK$2:AK21)/SUM('Large Sockeye'!AK:AK)) -> 2.1497147e-05 | AJ21: =IF('Large Sockeye'!AL21="","",SUM('Large Sockeye'!AL$2:AL21)/SUM('Large Sockeye'!AL:AL)) -> 0.0046020835 | AK21: =IF('Large Sockeye'!AM21="","",SUM('Large Sockeye'!AM$2:AM21)/SUM('Large Sockeye'!AM:AM)) -> 2.2304081e-05 | AL21: =IF('Large Sockeye'!AN21="","",SUM('Large Sockeye'!AN$2:AN21)/SUM('Large Sockeye'!AN:AN)) -> 2.1952605e-05 | AM21: =IF('Large Sockeye'!AO21="","",SUM('Large Sockeye'!AO$2:AO21)/SUM('Large Sockeye'!AO:AO)) -> 3.3769485e-06 | AN21: =IF('Large Sockeye'!AP21="","",SUM('Large Sockeye'!AP$2:AP21)/SUM('Large Sockeye'!AP:AP)) -> 5.6906074e-06 | AO21: =IF('Large Sockeye'!AQ21="","",SUM('Large Sockeye'!AQ$2:AQ21)/SUM('Large Sockeye'!AQ:AQ)) -> 4.18599e-06 | AP21: 0 | AQ21: 0 | AR21: 0 | AS21: =IF('Large Sockeye'!AU21="","",SUM('Large Sockeye'!AU$2:AU21)/SUM('Large Sockeye'!AU:AU)) -> 0.00058009089 | AT21: 0 | AU21: =IF('Large Sockeye'!AW21="","",SUM('Large Sockeye'!AW$2:AW21)/SUM('Large Sockeye'!AW:AW)) -> 3.988767e-05 | AV21: =IF('Large Sockeye'!AX21="","",SUM('Large Sockeye'!AX$2:AX21)/SUM('Large Sockeye'!AX:AX)) -> 0.00057709068 | AW21: =IF('Large Sockeye'!AY21="","",SUM('Large Sockeye'!AY$2:AY21)/SUM('Large Sockeye'!AY:AY)) -> 6.9563458e-05 | AX21: 0 | AY21: =IF('Large Sockeye'!BA21="","",SUM('Large Sockeye'!BA$2:BA21)/SUM('Large Sockeye'!BA:BA)) -> 0.0018320832 | AZ21: =IF('Large Sockeye'!BB21="","",SUM('Large Sockeye'!BB$2:BB21)/SUM('Large Sockeye'!BB:BB)) -> 0.0005083277 | BA21: =IF('Large Sockeye'!BC21="","",SUM('Large Sockeye'!BC$2:BC21)/SUM('Large Sockeye'!BC:BC)) -> 0.00062095143 | BB21: =IF('Large Sockeye'!BD21="","",SUM('Large Sockeye'!BD$2:BD21)/SUM('Large Sockeye'!BD:BD)) -> 0.016117319 | BC21: 0 | BD21: 0 | BE21: 0 | BF21: =IF('Large Sockeye'!BH21="","",SUM('Large Sockeye'!BH$2:BH21)/SUM('Large Sockeye'!BH:BH)) -> 0.00052388737 | BG21: 0 | BH21: =IF('Large Sockeye'!BJ21="","",SUM('Large Sockeye'!BJ$2:BJ21)/SUM('Large Sockeye'!BJ:BJ)) -> 0.0016282155 | BI21: =IF('Large Sockeye'!BK21="","",SUM('Large Sockeye'!BK$2:BK21)/SUM('Large Sockeye'!BK:BK)) -> 4.2182049e-06 | BJ21: =IF('Large Sockeye'!BL21="","",SUM('Large Sockeye'!BL$2:BL21)/SUM('Large Sockeye'!BL:BL)) -> 3.8746202e-05 | BK21: 0 | BL21: 0 | BM21: 0 | BN21: =IF('Large Sockeye'!BP21="","",SUM('Large Sockeye'!BP$2:BP21)/SUM('Large Sockeye'!BP:BP)) -> 4.67972e-06 | BO21: 0 | BP21: 0 | BQ21: 0 | BR21: =IF('Large Sockeye'!BT21="","",SUM('Large Sockeye'!BT$2:BT21)/SUM('Large Sockeye'!BT:BT)) -> 5.3531654e-06 | BS21: 0 | BT21: =IF('Large Sockeye'!BV21="","",SUM('Large Sockeye'!BV$2:BV21)/SUM('Large Sockeye'!BV:BV)) -> 0.0026950365 | BU21: 0 | BV21: =IF('Large Sockeye'!BX21="","",SUM('Large Sockeye'!BX$2:BX21)/SUM('Large Sockeye'!BX:BX)) -> 0 | BW21: 0 | BX21: 0 | BY21: 0 | BZ21: 0 | CA21: 0 | CB21: =IF('Large Sockeye'!CD21="","",SUM('Large Sockeye'!CD$2:CD21)/SUM('Large Sockeye'!CD:CD)) -> 5.4745652e-06 | CC21: 0
A22: 46217 | B22: =IF('Large Sockeye'!D22="","",SUM('Large Sockeye'!D$2:D22)/SUM('Large Sockeye'!D:D)) -> 0.0022978878 | C22: =IF('Large Sockeye'!E22="","",SUM('Large Sockeye'!E$2:E22)/SUM('Large Sockeye'!E:E)) -> 0.00039102985 | E22: =IF('Large Sockeye'!G22="","",SUM('Large Sockeye'!G$2:G22)/SUM('Large Sockeye'!G:G)) -> 0.00013172442 | F22: =IF('Large Sockeye'!H22="","",SUM('Large Sockeye'!H$2:H22)/SUM('Large Sockeye'!H:H)) -> 0.00048320257 | G22: =IF('Large Sockeye'!I22="","",SUM('Large Sockeye'!I$2:I22)/SUM('Large Sockeye'!I:I)) -> 0 | H22: 0 | I22: =IF('Large Sockeye'!K22="","",SUM('Large Sockeye'!K$2:K22)/SUM('Large Sockeye'!K:K)) -> 0.00040520581 | J22: 0 | K22: =IF('Large Sockeye'!M22="","",SUM('Large Sockeye'!M$2:M22)/SUM('Large Sockeye'!M:M)) -> 0.00012277136 | L22: =IF('Large Sockeye'!N22="","",SUM('Large Sockeye'!N$2:N22)/SUM('Large Sockeye'!N:N)) -> 0.00023229714 | M22: =IF('Large Sockeye'!O22="","",SUM('Large Sockeye'!O$2:O22)/SUM('Large Sockeye'!O:O)) -> 0.00010572136 | N22: =IF('Large Sockeye'!P22="","",SUM('Large Sockeye'!P$2:P22)/SUM('Large Sockeye'!P:P)) -> 0.064248754 | O22: 0 | P22: =IF('Large Sockeye'!R22="","",SUM('Large Sockeye'!R$2:R22)/SUM('Large Sockeye'!R:R)) -> 1.1334484e-05 | Q22: =IF('Large Sockeye'!S22="","",SUM('Large Sockeye'!S$2:S22)/SUM('Large Sockeye'!S:S)) -> 6.7820175e-05 | R22: =IF('Large Sockeye'!T22="","",SUM('Large Sockeye'!T$2:T22)/SUM('Large Sockeye'!T:T)) -> 7.2732959e-06 | S22: =IF('Large Sockeye'!U22="","",SUM('Large Sockeye'!U$2:U22)/SUM('Large Sockeye'!U:U)) -> 1.0170129e-05 | T22: =IF('Large Sockeye'!V22="","",SUM('Large Sockeye'!V$2:V22)/SUM('Large Sockeye'!V:V)) | U22: =IF('Large Sockeye'!W22="","",SUM('Large Sockeye'!W$2:W22)/SUM('Large Sockeye'!W:W)) -> 1.890148e-05 | V22: =IF('Large Sockeye'!X22="","",SUM('Large Sockeye'!X$2:X22)/SUM('Large Sockeye'!X:X)) -> 0 | W22: 0 | X22: 0 | Y22: 0 | Z22: =IF('Large Sockeye'!AB22="","",SUM('Large Sockeye'!AB$2:AB22)/SUM('Large Sockeye'!AB:AB)) -> 2.5603566e-05 | AA22: =IF('Large Sockeye'!AC22="","",SUM('Large Sockeye'!AC$2:AC22)/SUM('Large Sockeye'!AC:AC)) -> 2.8118356e-05 | AB22: 0 | AC22: =IF('Large Sockeye'!AE22="","",SUM('Large Sockeye'!AE$2:AE22)/SUM('Large Sockeye'!AE:AE)) -> 1.250885e-06 | AD22: =IF('Large Sockeye'!AF22="","",SUM('Large Sockeye'!AF$2:AF22)/SUM('Large Sockeye'!AF:AF)) -> 3.1551627e-05 | AE22: =IF('Large Sockeye'!AG22="","",SUM('Large Sockeye'!AG$2:AG22)/SUM('Large Sockeye'!AG:AG)) -> 2.9169756e-05 | AF22: 0 | AG22: =IF('Large Sockeye'!AI22="","",SUM('Large Sockeye'!AI$2:AI22)/SUM('Large Sockeye'!AI:AI)) -> 0.00016809065 | AH22: =IF('Large Sockeye'!AJ22="","",SUM('Large Sockeye'!AJ$2:AJ22)/SUM('Large Sockeye'!AJ:AJ)) -> 0.0069973419 | AI22: =IF('Large Sockeye'!AK22="","",SUM('Large Sockeye'!AK$2:AK22)/SUM('Large Sockeye'!AK:AK)) -> 3.9554751e-05 | AJ22: =IF('Large Sockeye'!AL22="","",SUM('Large Sockeye'!AL$2:AL22)/SUM('Large Sockeye'!AL:AL)) -> 0.010896583 | AK22: =IF('Large Sockeye'!AM22="","",SUM('Large Sockeye'!AM$2:AM22)/SUM('Large Sockeye'!AM:AM)) -> 3.4153124e-05 | AL22: =IF('Large Sockeye'!AN22="","",SUM('Large Sockeye'!AN$2:AN22)/SUM('Large Sockeye'!AN:AN)) -> 0.00027396851 | AM22: =IF('Large Sockeye'!AO22="","",SUM('Large Sockeye'!AO$2:AO22)/SUM('Large Sockeye'!AO:AO)) -> 6.753897e-06 | AN22: =IF('Large Sockeye'!AP22="","",SUM('Large Sockeye'!AP$2:AP22)/SUM('Large Sockeye'!AP:AP)) -> 5.6906074e-06 | AO22: =IF('Large Sockeye'!AQ22="","",SUM('Large Sockeye'!AQ$2:AQ22)/SUM('Large Sockeye'!AQ:AQ)) -> 6.0464301e-06 | AP22: 0 | AQ22: =IF('Large Sockeye'!AS22="","",SUM('Large Sockeye'!AS$2:AS22)/SUM('Large Sockeye'!AS:AS)) -> 1.5269052e-06 | AR22: 0 | AS22: =IF('Large Sockeye'!AU22="","",SUM('Large Sockeye'!AU$2:AU22)/SUM('Large Sockeye'!AU:AU)) -> 0.00097769119 | AT22: 0 | AU22: =IF('Large Sockeye'!AW22="","",SUM('Large Sockeye'!AW$2:AW22)/SUM('Large Sockeye'!AW:AW)) -> 4.667706e-05 | AV22: =IF('Large Sockeye'!AX22="","",SUM('Large Sockeye'!AX$2:AX22)/SUM('Large Sockeye'!AX:AX)) -> 0.00091839497 | AW22: =IF('Large Sockeye'!AY22="","",SUM('Large Sockeye'!AY$2:AY22)/SUM('Large Sockeye'!AY:AY)) -> 0.00014890029 | AX22: =IF('Large Sockeye'!AZ22="","",SUM('Large Sockeye'!AZ$2:AZ22)/SUM('Large Sockeye'!AZ:AZ)) -> 9.4795805e-07 | AY22: =IF('Large Sockeye'!BA22="","",SUM('Large Sockeye'!BA$2:BA22)/SUM('Large Sockeye'!BA:BA)) -> 0.0046377122 | AZ22: =IF('Large Sockeye'!BB22="","",SUM('Large Sockeye'!BB$2:BB22)/SUM('Large Sockeye'!BB:BB)) -> 0.00080896404 | BA22: =IF('Large Sockeye'!BC22="","",SUM('Large Sockeye'!BC$2:BC22)/SUM('Large Sockeye'!BC:BC)) -> 0.00098819596 | BB22: =IF('Large Sockeye'!BD22="","",SUM('Large Sockeye'!BD$2:BD22)/SUM('Large Sockeye'!BD:BD)) -> 0.019047563 | BC22: 0 | BD22: =IF('Large Sockeye'!BF22="","",SUM('Large Sockeye'!BF$2:BF22)/SUM('Large Sockeye'!BF:BF)) -> 3.8175995e-06 | BE22: 0 | BF22: =IF('Large Sockeye'!BH22="","",SUM('Large Sockeye'!BH$2:BH22)/SUM('Large Sockeye'!BH:BH)) -> 0.00083372605 | BG22: 0 | BH22: =IF('Large Sockeye'!BJ22="","",SUM('Large Sockeye'!BJ$2:BJ22)/SUM('Large Sockeye'!BJ:BJ)) -> 0.0026637605 | BI22: =IF('Large Sockeye'!BK22="","",SUM('Large Sockeye'!BK$2:BK22)/SUM('Large Sockeye'!BK:BK)) -> 4.2182049e-06 | BJ22: =IF('Large Sockeye'!BL22="","",SUM('Large Sockeye'!BL$2:BL22)/SUM('Large Sockeye'!BL:BL)) -> 6.385948e-05 | BK22: 0 | BL22: 0 | BM22: 0 | BN22: =IF('Large Sockeye'!BP22="","",SUM('Large Sockeye'!BP$2:BP22)/SUM('Large Sockeye'!BP:BP)) -> 3.5877853e-05 | BO22: 0 | BP22: 0 | BQ22: 0 | BR22: =IF('Large Sockeye'!BT22="","",SUM('Large Sockeye'!BT$2:BT22)/SUM('Large Sockeye'!BT:BT)) -> 2.5305873e-05 | BS22: =IF('Large Sockeye'!BU22="","",SUM('Large Sockeye'!BU$2:BU22)/SUM('Large Sockeye'!BU:BU)) -> 0.0021080982 | BT22: =IF('Large Sockeye'!BV22="","",SUM('Large Sockeye'!BV$2:BV22)/SUM('Large Sockeye'!BV:BV)) -> 0.0046342535 | BU22: 0 | BV22: =IF('Large Sockeye'!BX22="","",SUM('Large Sockeye'!BX$2:BX22)/SUM('Large Sockeye'!BX:BX)) -> 0 | BW22: 0 | BX22: 0 | BY22: =IF('Large Sockeye'!CA22="","",SUM('Large Sockeye'!CA$2:CA22)/SUM('Large Sockeye'!CA:CA)) -> 0 | BZ22: 0 | CA22: 0 | CB22: =IF('Large Sockeye'!CD22="","",SUM('Large Sockeye'!CD$2:CD22)/SUM('Large Sockeye'!CD:CD)) -> 1.0451443e-05 | CC22: 0
A23: 46218 | B23: =IF('Large Sockeye'!D23="","",SUM('Large Sockeye'!D$2:D23)/SUM('Large Sockeye'!D:D)) -> 0.0076954604 | C23: =IF('Large Sockeye'!E23="","",SUM('Large Sockeye'!E$2:E23)/SUM('Large Sockeye'!E:E)) -> 0.00067955673 | E23: =IF('Large Sockeye'!G23="","",SUM('Large Sockeye'!G$2:G23)/SUM('Large Sockeye'!G:G)) -> 0.00019434751 | F23: =IF('Large Sockeye'!H23="","",SUM('Large Sockeye'!H$2:H23)/SUM('Large Sockeye'!H:H)) -> 0.001561536 | G23: =IF('Large Sockeye'!I23="","",SUM('Large Sockeye'!I$2:I23)/SUM('Large Sockeye'!I:I)) -> 0 | H23: 0 | I23: =IF('Large Sockeye'!K23="","",SUM('Large Sockeye'!K$2:K23)/SUM('Large Sockeye'!K:K)) -> 0.00047201393 | J23: 0 | K23: =IF('Large Sockeye'!M23="","",SUM('Large Sockeye'!M$2:M23)/SUM('Large Sockeye'!M:M)) -> 0.00013641262 | L23: =IF('Large Sockeye'!N23="","",SUM('Large Sockeye'!N$2:N23)/SUM('Large Sockeye'!N:N)) -> 0.00031905872 | M23: =IF('Large Sockeye'!O23="","",SUM('Large Sockeye'!O$2:O23)/SUM('Large Sockeye'!O:O)) -> 0.00012410769 | N23: =IF('Large Sockeye'!P23="","",SUM('Large Sockeye'!P$2:P23)/SUM('Large Sockeye'!P:P)) -> 0.094775481 | O23: 0 | P23: =IF('Large Sockeye'!R23="","",SUM('Large Sockeye'!R$2:R23)/SUM('Large Sockeye'!R:R)) -> 1.1334484e-05 | Q23: =IF('Large Sockeye'!S23="","",SUM('Large Sockeye'!S$2:S23)/SUM('Large Sockeye'!S:S)) -> 9.113336e-05 | R23: =IF('Large Sockeye'!T23="","",SUM('Large Sockeye'!T$2:T23)/SUM('Large Sockeye'!T:T)) -> 7.2732959e-06 | S23: =IF('Large Sockeye'!U23="","",SUM('Large Sockeye'!U$2:U23)/SUM('Large Sockeye'!U:U)) -> 1.8645237e-05 | T23: =IF('Large Sockeye'!V23="","",SUM('Large Sockeye'!V$2:V23)/SUM('Large Sockeye'!V:V)) | U23: =IF('Large Sockeye'!W23="","",SUM('Large Sockeye'!W$2:W23)/SUM('Large Sockeye'!W:W)) -> 3.7802961e-05 | V23: =IF('Large Sockeye'!X23="","",SUM('Large Sockeye'!X$2:X23)/SUM('Large Sockeye'!X:X)) -> 2.8135439e-05 | W23: 0 | X23: 0 | Y23: =IF('Large Sockeye'!AA23="","",SUM('Large Sockeye'!AA$2:AA23)/SUM('Large Sockeye'!AA:AA)) -> 0.0071041199 | Z23: =IF('Large Sockeye'!AB23="","",SUM('Large Sockeye'!AB$2:AB23)/SUM('Large Sockeye'!AB:AB)) -> 3.7652304e-05 | AA23: =IF('Large Sockeye'!AC23="","",SUM('Large Sockeye'!AC$2:AC23)/SUM('Large Sockeye'!AC:AC)) -> 8.4355069e-05 | AB23: 0 | AC23: =IF('Large Sockeye'!AE23="","",SUM('Large Sockeye'!AE$2:AE23)/SUM('Large Sockeye'!AE:AE)) -> 2.50177e-06 | AD23: =IF('Large Sockeye'!AF23="","",SUM('Large Sockeye'!AF$2:AF23)/SUM('Large Sockeye'!AF:AF)) -> 4.6641535e-05 | AE23: =IF('Large Sockeye'!AG23="","",SUM('Large Sockeye'!AG$2:AG23)/SUM('Large Sockeye'!AG:AG)) -> 3.8893008e-05 | AF23: 0 | AG23: =IF('Large Sockeye'!AI23="","",SUM('Large Sockeye'!AI$2:AI23)/SUM('Large Sockeye'!AI:AI)) -> 0.00028192419 | AH23: =IF('Large Sockeye'!AJ23="","",SUM('Large Sockeye'!AJ$2:AJ23)/SUM('Large Sockeye'!AJ:AJ)) -> 0.011192772 | AI23: =IF('Large Sockeye'!AK23="","",SUM('Large Sockeye'!AK$2:AK23)/SUM('Large Sockeye'!AK:AK)) -> 5.8472241e-05 | AJ23: =IF('Large Sockeye'!AL23="","",SUM('Large Sockeye'!AL$2:AL23)/SUM('Large Sockeye'!AL:AL)) -> 0.023364424 | AK23: =IF('Large Sockeye'!AM23="","",SUM('Large Sockeye'!AM$2:AM23)/SUM('Large Sockeye'!AM:AM)) -> 6.4821236e-05 | AL23: =IF('Large Sockeye'!AN23="","",SUM('Large Sockeye'!AN$2:AN23)/SUM('Large Sockeye'!AN:AN)) -> 0.00056901153 | AM23: =IF('Large Sockeye'!AO23="","",SUM('Large Sockeye'!AO$2:AO23)/SUM('Large Sockeye'!AO:AO)) -> 1.2382144e-05 | AN23: =IF('Large Sockeye'!AP23="","",SUM('Large Sockeye'!AP$2:AP23)/SUM('Large Sockeye'!AP:AP)) -> 5.6906074e-06 | AO23: =IF('Large Sockeye'!AQ23="","",SUM('Large Sockeye'!AQ$2:AQ23)/SUM('Large Sockeye'!AQ:AQ)) -> 7.4417601e-06 | AP23: =IF('Large Sockeye'!AR23="","",SUM('Large Sockeye'!AR$2:AR23)/SUM('Large Sockeye'!AR:AR)) -> 0 | AQ23: =IF('Large Sockeye'!AS23="","",SUM('Large Sockeye'!AS$2:AS23)/SUM('Large Sockeye'!AS:AS)) -> 4.5807156e-06 | AR23: 0 | AS23: =IF('Large Sockeye'!AU23="","",SUM('Large Sockeye'!AU$2:AU23)/SUM('Large Sockeye'!AU:AU)) -> 0.0017834709 | AT23: 0 | AU23: =IF('Large Sockeye'!AW23="","",SUM('Large Sockeye'!AW$2:AW23)/SUM('Large Sockeye'!AW:AW)) -> 7.4683296e-05 | AV23: =IF('Large Sockeye'!AX23="","",SUM('Large Sockeye'!AX$2:AX23)/SUM('Large Sockeye'!AX:AX)) -> 0.0019656052 | AW23: =IF('Large Sockeye'!AY23="","",SUM('Large Sockeye'!AY$2:AY23)/SUM('Large Sockeye'!AY:AY)) -> 0.00032252149 | AX23: =IF('Large Sockeye'!AZ23="","",SUM('Large Sockeye'!AZ$2:AZ23)/SUM('Large Sockeye'!AZ:AZ)) -> 3.7918322e-06 | AY23: =IF('Large Sockeye'!BA23="","",SUM('Large Sockeye'!BA$2:BA23)/SUM('Large Sockeye'!BA:BA)) -> 0.015662414 | AZ23: =IF('Large Sockeye'!BB23="","",SUM('Large Sockeye'!BB$2:BB23)/SUM('Large Sockeye'!BB:BB)) -> 0.0017313944 | BA23: =IF('Large Sockeye'!BC23="","",SUM('Large Sockeye'!BC$2:BC23)/SUM('Large Sockeye'!BC:BC)) -> 0.0021149976 | BB23: =IF('Large Sockeye'!BD23="","",SUM('Large Sockeye'!BD$2:BD23)/SUM('Large Sockeye'!BD:BD)) -> 0.022083226 | BC23: 0 | BD23: =IF('Large Sockeye'!BF23="","",SUM('Large Sockeye'!BF$2:BF23)/SUM('Large Sockeye'!BF:BF)) -> 1.0907427e-05 | BE23: 0 | BF23: =IF('Large Sockeye'!BH23="","",SUM('Large Sockeye'!BH$2:BH23)/SUM('Large Sockeye'!BH:BH)) -> 0.0017843916 | BG23: 0 | BH23: =IF('Large Sockeye'!BJ23="","",SUM('Large Sockeye'!BJ$2:BJ23)/SUM('Large Sockeye'!BJ:BJ)) -> 0.0038946914 | BI23: =IF('Large Sockeye'!BK23="","",SUM('Large Sockeye'!BK$2:BK23)/SUM('Large Sockeye'!BK:BK)) -> 5.6242732e-06 | BJ23: =IF('Large Sockeye'!BL23="","",SUM('Large Sockeye'!BL$2:BL23)/SUM('Large Sockeye'!BL:BL)) -> 7.6774881e-05 | BK23: 0 | BL23: 0 | BM23: 0 | BN23: =IF('Large Sockeye'!BP23="","",SUM('Large Sockeye'!BP$2:BP23)/SUM('Large Sockeye'!BP:BP)) -> 0.00013571188 | BO23: 0 | BP23: 0 | BQ23: =IF('Large Sockeye'!BS23="","",SUM('Large Sockeye'!BS$2:BS23)/SUM('Large Sockeye'!BS:BS)) -> 6.3579056e-06 | BR23: =IF('Large Sockeye'!BT23="","",SUM('Large Sockeye'!BT$2:BT23)/SUM('Large Sockeye'!BT:BT)) -> 9.9763536e-05 | BS23: =IF('Large Sockeye'!BU23="","",SUM('Large Sockeye'!BU$2:BU23)/SUM('Large Sockeye'!BU:BU)) -> 0.0077332683 | BT23: =IF('Large Sockeye'!BV23="","",SUM('Large Sockeye'!BV$2:BV23)/SUM('Large Sockeye'!BV:BV)) -> 0.0068034556 | BU23: 0 | BV23: =IF('Large Sockeye'!BX23="","",SUM('Large Sockeye'!BX$2:BX23)/SUM('Large Sockeye'!BX:BX)) -> 0 | BW23: 0 | BX23: 0 | BY23: =IF('Large Sockeye'!CA23="","",SUM('Large Sockeye'!CA$2:CA23)/SUM('Large Sockeye'!CA:CA)) -> 1.0292301e-06 | BZ23: =IF('Large Sockeye'!CB23="","",SUM('Large Sockeye'!CB$2:CB23)/SUM('Large Sockeye'!CB:CB)) -> 0 | CA23: 0 | CB23: =IF('Large Sockeye'!CD23="","",SUM('Large Sockeye'!CD$2:CD23)/SUM('Large Sockeye'!CD:CD)) -> 1.6921383e-05 | CC23: =IF('Large Sockeye'!CE23="","",SUM('Large Sockeye'!CE$2:CE23)/SUM('Large Sockeye'!CE:CE)) -> 8.2195001e-07
A24: 46219 | B24: =IF('Large Sockeye'!D24="","",SUM('Large Sockeye'!D$2:D24)/SUM('Large Sockeye'!D:D)) -> 0.016990036 | C24: =IF('Large Sockeye'!E24="","",SUM('Large Sockeye'!E$2:E24)/SUM('Large Sockeye'!E:E)) -> 0.0009604908 | E24: =IF('Large Sockeye'!G24="","",SUM('Large Sockeye'!G$2:G24)/SUM('Large Sockeye'!G:G)) -> 0.0002569706 | F24: =IF('Large Sockeye'!H24="","",SUM('Large Sockeye'!H$2:H24)/SUM('Large Sockeye'!H:H)) -> 0.0074527854 | G24: =IF('Large Sockeye'!I24="","",SUM('Large Sockeye'!I$2:I24)/SUM('Large Sockeye'!I:I)) -> 6.9751545e-06 | H24: 0 | I24: =IF('Large Sockeye'!K24="","",SUM('Large Sockeye'!K$2:K24)/SUM('Large Sockeye'!K:K)) -> 0.0006637242 | J24: 0 | K24: =IF('Large Sockeye'!M24="","",SUM('Large Sockeye'!M$2:M24)/SUM('Large Sockeye'!M:M)) -> 0.00015005388 | L24: =IF('Large Sockeye'!N24="","",SUM('Large Sockeye'!N$2:N24)/SUM('Large Sockeye'!N:N)) -> 0.00042261287 | M24: =IF('Large Sockeye'!O24="","",SUM('Large Sockeye'!O$2:O24)/SUM('Large Sockeye'!O:O)) -> 0.0001930564 | N24: =IF('Large Sockeye'!P24="","",SUM('Large Sockeye'!P$2:P24)/SUM('Large Sockeye'!P:P)) -> 0.10612181 | O24: 0 | P24: =IF('Large Sockeye'!R24="","",SUM('Large Sockeye'!R$2:R24)/SUM('Large Sockeye'!R:R)) -> 1.5112646e-05 | Q24: =IF('Large Sockeye'!S24="","",SUM('Large Sockeye'!S$2:S24)/SUM('Large Sockeye'!S:S)) -> 0.00012398376 | R24: =IF('Large Sockeye'!T24="","",SUM('Large Sockeye'!T$2:T24)/SUM('Large Sockeye'!T:T)) -> 7.2732959e-06 | S24: =IF('Large Sockeye'!U24="","",SUM('Large Sockeye'!U$2:U24)/SUM('Large Sockeye'!U:U)) -> 2.7120345e-05 | T24: =IF('Large Sockeye'!V24="","",SUM('Large Sockeye'!V$2:V24)/SUM('Large Sockeye'!V:V)) | U24: =IF('Large Sockeye'!W24="","",SUM('Large Sockeye'!W$2:W24)/SUM('Large Sockeye'!W:W)) -> 7.2169289e-05 | V24: =IF('Large Sockeye'!X24="","",SUM('Large Sockeye'!X$2:X24)/SUM('Large Sockeye'!X:X)) -> 0.00010742622 | W24: =IF('Large Sockeye'!Y24="","",SUM('Large Sockeye'!Y$2:Y24)/SUM('Large Sockeye'!Y:Y)) -> 0.00020668878 | X24: 0 | Y24: =IF('Large Sockeye'!AA24="","",SUM('Large Sockeye'!AA$2:AA24)/SUM('Large Sockeye'!AA:AA)) -> 0.012638981 | Z24: =IF('Large Sockeye'!AB24="","",SUM('Large Sockeye'!AB$2:AB24)/SUM('Large Sockeye'!AB:AB)) -> 5.8737594e-05 | AA24: =IF('Large Sockeye'!AC24="","",SUM('Large Sockeye'!AC$2:AC24)/SUM('Large Sockeye'!AC:AC)) -> 0.00012592133 | AB24: 0 | AC24: =IF('Large Sockeye'!AE24="","",SUM('Large Sockeye'!AE$2:AE24)/SUM('Large Sockeye'!AE:AE)) -> 1.1257965e-05 | AD24: =IF('Large Sockeye'!AF24="","",SUM('Large Sockeye'!AF$2:AF24)/SUM('Large Sockeye'!AF:AF)) -> 5.8987824e-05 | AE24: =IF('Large Sockeye'!AG24="","",SUM('Large Sockeye'!AG$2:AG24)/SUM('Large Sockeye'!AG:AG)) -> 5.3477886e-05 | AF24: 0 | AG24: =IF('Large Sockeye'!AI24="","",SUM('Large Sockeye'!AI$2:AI24)/SUM('Large Sockeye'!AI:AI)) -> 0.00047767533 | AH24: =IF('Large Sockeye'!AJ24="","",SUM('Large Sockeye'!AJ$2:AJ24)/SUM('Large Sockeye'!AJ:AJ)) -> 0.017225561 | AI24: =IF('Large Sockeye'!AK24="","",SUM('Large Sockeye'!AK$2:AK24)/SUM('Large Sockeye'!AK:AK)) -> 0.00010232642 | AJ24: =IF('Large Sockeye'!AL24="","",SUM('Large Sockeye'!AL$2:AL24)/SUM('Large Sockeye'!AL:AL)) -> 0.040894368 | AK24: =IF('Large Sockeye'!AM24="","",SUM('Large Sockeye'!AM$2:AM24)/SUM('Large Sockeye'!AM:AM)) -> 0.0001380065 | AL24: =IF('Large Sockeye'!AN24="","",SUM('Large Sockeye'!AN$2:AN24)/SUM('Large Sockeye'!AN:AN)) -> 0.0015893686 | AM24: =IF('Large Sockeye'!AO24="","",SUM('Large Sockeye'!AO$2:AO24)/SUM('Large Sockeye'!AO:AO)) -> 2.8141237e-05 | AN24: =IF('Large Sockeye'!AP24="","",SUM('Large Sockeye'!AP$2:AP24)/SUM('Large Sockeye'!AP:AP)) -> 5.6906074e-06 | AO24: =IF('Large Sockeye'!AQ24="","",SUM('Large Sockeye'!AQ$2:AQ24)/SUM('Large Sockeye'!AQ:AQ)) -> 9.3022001e-06 | AP24: =IF('Large Sockeye'!AR24="","",SUM('Large Sockeye'!AR$2:AR24)/SUM('Large Sockeye'!AR:AR)) -> 2.8429565e-06 | AQ24: =IF('Large Sockeye'!AS24="","",SUM('Large Sockeye'!AS$2:AS24)/SUM('Large Sockeye'!AS:AS)) -> 6.1076209e-06 | AR24: 0 | AS24: =IF('Large Sockeye'!AU24="","",SUM('Large Sockeye'!AU$2:AU24)/SUM('Large Sockeye'!AU:AU)) -> 0.0028819409 | AT24: 0 | AU24: =IF('Large Sockeye'!AW24="","",SUM('Large Sockeye'!AW$2:AW24)/SUM('Large Sockeye'!AW:AW)) -> 0.00013409046 | AV24: =IF('Large Sockeye'!AX24="","",SUM('Large Sockeye'!AX$2:AX24)/SUM('Large Sockeye'!AX:AX)) -> 0.0031974602 | AW24: =IF('Large Sockeye'!AY24="","",SUM('Large Sockeye'!AY$2:AY24)/SUM('Large Sockeye'!AY:AY)) -> 0.0046067106 | AX24: =IF('Large Sockeye'!AZ24="","",SUM('Large Sockeye'!AZ$2:AZ24)/SUM('Large Sockeye'!AZ:AZ)) -> 8.5316225e-06 | AY24: =IF('Large Sockeye'!BA24="","",SUM('Large Sockeye'!BA$2:BA24)/SUM('Large Sockeye'!BA:BA)) -> 0.023673896 | AZ24: =IF('Large Sockeye'!BB24="","",SUM('Large Sockeye'!BB$2:BB24)/SUM('Large Sockeye'!BB:BB)) -> 0.0028164683 | BA24: =IF('Large Sockeye'!BC24="","",SUM('Large Sockeye'!BC$2:BC24)/SUM('Large Sockeye'!BC:BC)) -> 0.0034404775 | BB24: =IF('Large Sockeye'!BD24="","",SUM('Large Sockeye'!BD$2:BD24)/SUM('Large Sockeye'!BD:BD)) -> 0.026743115 | BC24: 0 | BD24: =IF('Large Sockeye'!BF24="","",SUM('Large Sockeye'!BF$2:BF24)/SUM('Large Sockeye'!BF:BF)) -> 1.2543541e-05 | BE24: 0 | BF24: =IF('Large Sockeye'!BH24="","",SUM('Large Sockeye'!BH$2:BH24)/SUM('Large Sockeye'!BH:BH)) -> 0.002902679 | BG24: 0 | BH24: =IF('Large Sockeye'!BJ24="","",SUM('Large Sockeye'!BJ$2:BJ24)/SUM('Large Sockeye'!BJ:BJ)) -> 0.0054067608 | BI24: =IF('Large Sockeye'!BK24="","",SUM('Large Sockeye'!BK$2:BK24)/SUM('Large Sockeye'!BK:BK)) -> 2.3903161e-05 | BJ24: =IF('Large Sockeye'!BL24="","",SUM('Large Sockeye'!BL$2:BL24)/SUM('Large Sockeye'!BL:BL)) -> 8.8972759e-05 | BK24: 0 | BL24: 0 | BM24: =IF('Large Sockeye'!BO24="","",SUM('Large Sockeye'!BO$2:BO24)/SUM('Large Sockeye'!BO:BO)) -> 3.8575038e-05 | BN24: =IF('Large Sockeye'!BP24="","",SUM('Large Sockeye'!BP$2:BP24)/SUM('Large Sockeye'!BP:BP)) -> 0.00022150675 | BO24: 0 | BP24: 0 | BQ24: =IF('Large Sockeye'!BS24="","",SUM('Large Sockeye'!BS$2:BS24)/SUM('Large Sockeye'!BS:BS)) -> 3.8147433e-05 | BR24: =IF('Large Sockeye'!BT24="","",SUM('Large Sockeye'!BT$2:BT24)/SUM('Large Sockeye'!BT:BT)) -> 0.0002953974 | BS24: =IF('Large Sockeye'!BU24="","",SUM('Large Sockeye'!BU$2:BU24)/SUM('Large Sockeye'!BU:BU)) -> 0.011659894 | BT24: =IF('Large Sockeye'!BV24="","",SUM('Large Sockeye'!BV$2:BV24)/SUM('Large Sockeye'!BV:BV)) -> 0.010912954 | BU24: 0 | BV24: =IF('Large Sockeye'!BX24="","",SUM('Large Sockeye'!BX$2:BX24)/SUM('Large Sockeye'!BX:BX)) -> 0 | BW24: 0 | BX24: 0 | BY24: =IF('Large Sockeye'!CA24="","",SUM('Large Sockeye'!CA$2:CA24)/SUM('Large Sockeye'!CA:CA)) -> 2.0584603e-06 | BZ24: =IF('Large Sockeye'!CB24="","",SUM('Large Sockeye'!CB$2:CB24)/SUM('Large Sockeye'!CB:CB)) -> 7.0702607e-07 | CA24: 0 | CB24: =IF('Large Sockeye'!CD24="","",SUM('Large Sockeye'!CD$2:CD24)/SUM('Large Sockeye'!CD:CD)) -> 8.0625414e-05 | CC24: =IF('Large Sockeye'!CE24="","",SUM('Large Sockeye'!CE$2:CE24)/SUM('Large Sockeye'!CE:CE)) -> 5.7536501e-06
A25: 46220 | B25: =IF('Large Sockeye'!D25="","",SUM('Large Sockeye'!D$2:D25)/SUM('Large Sockeye'!D:D)) -> 0.018672018 | C25: =IF('Large Sockeye'!E25="","",SUM('Large Sockeye'!E$2:E25)/SUM('Large Sockeye'!E:E)) -> 0.0018488499 | E25: =IF('Large Sockeye'!G25="","",SUM('Large Sockeye'!G$2:G25)/SUM('Large Sockeye'!G:G)) -> 0.00028936185 | F25: =IF('Large Sockeye'!H25="","",SUM('Large Sockeye'!H$2:H25)/SUM('Large Sockeye'!H:H)) -> 0.016327879 | G25: =IF('Large Sockeye'!I25="","",SUM('Large Sockeye'!I$2:I25)/SUM('Large Sockeye'!I:I)) -> 4.8826081e-05 | H25: 0 | I25: =IF('Large Sockeye'!K25="","",SUM('Large Sockeye'!K$2:K25)/SUM('Large Sockeye'!K:K)) -> 0.0010282642 | J25: 0 | K25: =IF('Large Sockeye'!M25="","",SUM('Large Sockeye'!M$2:M25)/SUM('Large Sockeye'!M:M)) -> 0.00015005388 | L25: =IF('Large Sockeye'!N25="","",SUM('Large Sockeye'!N$2:N25)/SUM('Large Sockeye'!N:N)) -> 0.00084522573 | M25: =IF('Large Sockeye'!O25="","",SUM('Large Sockeye'!O$2:O25)/SUM('Large Sockeye'!O:O)) -> 0.00023672392 | N25: =IF('Large Sockeye'!P25="","",SUM('Large Sockeye'!P$2:P25)/SUM('Large Sockeye'!P:P)) -> 0.11974452 | O25: 0 | P25: =IF('Large Sockeye'!R25="","",SUM('Large Sockeye'!R$2:R25)/SUM('Large Sockeye'!R:R)) -> 1.8890807e-05 | Q25: =IF('Large Sockeye'!S25="","",SUM('Large Sockeye'!S$2:S25)/SUM('Large Sockeye'!S:S)) -> 0.00019392331 | R25: =IF('Large Sockeye'!T25="","",SUM('Large Sockeye'!T$2:T25)/SUM('Large Sockeye'!T:T)) -> 9.0916199e-06 | S25: =IF('Large Sockeye'!U25="","",SUM('Large Sockeye'!U$2:U25)/SUM('Large Sockeye'!U:U)) -> 3.8985496e-05 | T25: =IF('Large Sockeye'!V25="","",SUM('Large Sockeye'!V$2:V25)/SUM('Large Sockeye'!V:V)) | U25: =IF('Large Sockeye'!W25="","",SUM('Large Sockeye'!W$2:W25)/SUM('Large Sockeye'!W:W)) -> 9.2789085e-05 | V25: =IF('Large Sockeye'!X25="","",SUM('Large Sockeye'!X$2:X25)/SUM('Large Sockeye'!X:X)) -> 0.00016881263 | W25: =IF('Large Sockeye'!Y25="","",SUM('Large Sockeye'!Y$2:Y25)/SUM('Large Sockeye'!Y:Y)) -> 0.0013178477 | X25: 0 | Y25: =IF('Large Sockeye'!AA25="","",SUM('Large Sockeye'!AA$2:AA25)/SUM('Large Sockeye'!AA:AA)) -> 0.016002352 | Z25: =IF('Large Sockeye'!AB25="","",SUM('Large Sockeye'!AB$2:AB25)/SUM('Large Sockeye'!AB:AB)) -> 0.00016416404 | AA25: =IF('Large Sockeye'!AC25="","",SUM('Large Sockeye'!AC$2:AC25)/SUM('Large Sockeye'!AC:AC)) -> 0.00020538625 | AB25: 0 | AC25: =IF('Large Sockeye'!AE25="","",SUM('Large Sockeye'!AE$2:AE25)/SUM('Large Sockeye'!AE:AE)) -> 2.001416e-05 | AD25: =IF('Large Sockeye'!AF25="","",SUM('Large Sockeye'!AF$2:AF25)/SUM('Large Sockeye'!AF:AF)) -> 7.1334113e-05 | AE25: =IF('Large Sockeye'!AG25="","",SUM('Large Sockeye'!AG$2:AG25)/SUM('Large Sockeye'!AG:AG)) -> 6.4416544e-05 | AF25: 0 | AG25: =IF('Large Sockeye'!AI25="","",SUM('Large Sockeye'!AI$2:AI25)/SUM('Large Sockeye'!AI:AI)) -> 0.00073087517 | AH25: =IF('Large Sockeye'!AJ25="","",SUM('Large Sockeye'!AJ$2:AJ25)/SUM('Large Sockeye'!AJ:AJ)) -> 0.038884591 | AI25: =IF('Large Sockeye'!AK25="","",SUM('Large Sockeye'!AK$2:AK25)/SUM('Large Sockeye'!AK:AK)) -> 0.00015649923 | AJ25: =IF('Large Sockeye'!AL25="","",SUM('Large Sockeye'!AL$2:AL25)/SUM('Large Sockeye'!AL:AL)) -> 0.053328134 | AK25: =IF('Large Sockeye'!AM25="","",SUM('Large Sockeye'!AM$2:AM25)/SUM('Large Sockeye'!AM:AM)) -> 0.00022164681 | AL25: =IF('Large Sockeye'!AN25="","",SUM('Large Sockeye'!AN$2:AN25)/SUM('Large Sockeye'!AN:AN)) -> 0.0047487876 | AM25: =IF('Large Sockeye'!AO25="","",SUM('Large Sockeye'!AO$2:AO25)/SUM('Large Sockeye'!AO:AO)) -> 4.7277279e-05 | AN25: =IF('Large Sockeye'!AP25="","",SUM('Large Sockeye'!AP$2:AP25)/SUM('Large Sockeye'!AP:AP)) -> 8.5359111e-06 | AO25: =IF('Large Sockeye'!AQ25="","",SUM('Large Sockeye'!AQ$2:AQ25)/SUM('Large Sockeye'!AQ:AQ)) -> 1.39533e-05 | AP25: =IF('Large Sockeye'!AR25="","",SUM('Large Sockeye'!AR$2:AR25)/SUM('Large Sockeye'!AR:AR)) -> 8.5288695e-06 | AQ25: =IF('Large Sockeye'!AS25="","",SUM('Large Sockeye'!AS$2:AS25)/SUM('Large Sockeye'!AS:AS)) -> 9.1614313e-06 | AR25: 0 | AS25: =IF('Large Sockeye'!AU25="","",SUM('Large Sockeye'!AU$2:AU25)/SUM('Large Sockeye'!AU:AU)) -> 0.0049942476 | AT25: 0 | AU25: =IF('Large Sockeye'!AW25="","",SUM('Large Sockeye'!AW$2:AW25)/SUM('Large Sockeye'!AW:AW)) -> 0.00018416222 | AV25: =IF('Large Sockeye'!AX25="","",SUM('Large Sockeye'!AX$2:AX25)/SUM('Large Sockeye'!AX:AX)) -> 0.0047243059 | AW25: =IF('Large Sockeye'!AY25="","",SUM('Large Sockeye'!AY$2:AY25)/SUM('Large Sockeye'!AY:AY)) -> 0.0093801436 | AX25: =IF('Large Sockeye'!AZ25="","",SUM('Large Sockeye'!AZ$2:AZ25)/SUM('Large Sockeye'!AZ:AZ)) -> 1.8011203e-05 | AY25: =IF('Large Sockeye'!BA25="","",SUM('Large Sockeye'!BA$2:BA25)/SUM('Large Sockeye'!BA:BA)) -> 0.032499063 | AZ25: =IF('Large Sockeye'!BB25="","",SUM('Large Sockeye'!BB$2:BB25)/SUM('Large Sockeye'!BB:BB)) -> 0.0041613834 | BA25: =IF('Large Sockeye'!BC25="","",SUM('Large Sockeye'!BC$2:BC25)/SUM('Large Sockeye'!BC:BC)) -> 0.0050833684 | BB25: =IF('Large Sockeye'!BD25="","",SUM('Large Sockeye'!BD$2:BD25)/SUM('Large Sockeye'!BD:BD)) -> 0.032176072 | BC25: 0 | BD25: =IF('Large Sockeye'!BF25="","",SUM('Large Sockeye'!BF$2:BF25)/SUM('Large Sockeye'!BF:BF)) -> 3.3267652e-05 | BE25: 0 | BF25: =IF('Large Sockeye'!BH25="","",SUM('Large Sockeye'!BH$2:BH25)/SUM('Large Sockeye'!BH:BH)) -> 0.0042887613 | BG25: =IF('Large Sockeye'!BI25="","",SUM('Large Sockeye'!BI$2:BI25)/SUM('Large Sockeye'!BI:BI)) -> 1.2794683e-05 | BH25: =IF('Large Sockeye'!BJ25="","",SUM('Large Sockeye'!BJ$2:BJ25)/SUM('Large Sockeye'!BJ:BJ)) -> 0.0098148828 | BI25: =IF('Large Sockeye'!BK25="","",SUM('Large Sockeye'!BK$2:BK25)/SUM('Large Sockeye'!BK:BK)) -> 6.3273074e-05 | BJ25: =IF('Large Sockeye'!BL25="","",SUM('Large Sockeye'!BL$2:BL25)/SUM('Large Sockeye'!BL:BL)) -> 9.9735593e-05 | BK25: 0 | BL25: 0 | BM25: =IF('Large Sockeye'!BO25="","",SUM('Large Sockeye'!BO$2:BO25)/SUM('Large Sockeye'!BO:BO)) -> 7.5666421e-05 | BN25: =IF('Large Sockeye'!BP25="","",SUM('Large Sockeye'!BP$2:BP25)/SUM('Large Sockeye'!BP:BP)) -> 0.0010638563 | BO25: 0 | BP25: 0 | BQ25: =IF('Large Sockeye'!BS25="","",SUM('Large Sockeye'!BS$2:BS25)/SUM('Large Sockeye'!BS:BS)) -> 0.00019391612 | BR25: =IF('Large Sockeye'!BT25="","",SUM('Large Sockeye'!BT$2:BT25)/SUM('Large Sockeye'!BT:BT)) -> 0.0011207582 | BS25: =IF('Large Sockeye'!BU25="","",SUM('Large Sockeye'!BU$2:BU25)/SUM('Large Sockeye'!BU:BU)) -> 0.01385111 | BT25: =IF('Large Sockeye'!BV25="","",SUM('Large Sockeye'!BV$2:BV25)/SUM('Large Sockeye'!BV:BV)) -> 0.021105721 | BU25: =IF('Large Sockeye'!BW25="","",SUM('Large Sockeye'!BW$2:BW25)/SUM('Large Sockeye'!BW:BW)) -> 1.8571735e-05 | BV25: =IF('Large Sockeye'!BX25="","",SUM('Large Sockeye'!BX$2:BX25)/SUM('Large Sockeye'!BX:BX)) -> 1.7871323e-05 | BW25: 0 | BX25: 0 | BY25: =IF('Large Sockeye'!CA25="","",SUM('Large Sockeye'!CA$2:CA25)/SUM('Large Sockeye'!CA:CA)) -> 2.0584603e-06 | BZ25: =IF('Large Sockeye'!CB25="","",SUM('Large Sockeye'!CB$2:CB25)/SUM('Large Sockeye'!CB:CB)) -> 3.5351304e-06 | CA25: 0 | CB25: =IF('Large Sockeye'!CD25="","",SUM('Large Sockeye'!CD$2:CD25)/SUM('Large Sockeye'!CD:CD)) -> 0.00027671438 | CC25: =IF('Large Sockeye'!CE25="","",SUM('Large Sockeye'!CE$2:CE25)/SUM('Large Sockeye'!CE:CE)) -> 9.8634001e-06
A26: 46221 | B26: =IF('Large Sockeye'!D26="","",SUM('Large Sockeye'!D$2:D26)/SUM('Large Sockeye'!D:D)) -> 0.021229706 | C26: =IF('Large Sockeye'!E26="","",SUM('Large Sockeye'!E$2:E26)/SUM('Large Sockeye'!E:E)) -> 0.023636426 | E26: =IF('Large Sockeye'!G26="","",SUM('Large Sockeye'!G$2:G26)/SUM('Large Sockeye'!G:G)) -> 0.00031311543 | F26: =IF('Large Sockeye'!H26="","",SUM('Large Sockeye'!H$2:H26)/SUM('Large Sockeye'!H:H)) -> 0.030845796 | G26: =IF('Large Sockeye'!I26="","",SUM('Large Sockeye'!I$2:I26)/SUM('Large Sockeye'!I:I)) -> 0.00040455896 | H26: 0 | I26: =IF('Large Sockeye'!K26="","",SUM('Large Sockeye'!K$2:K26)/SUM('Large Sockeye'!K:K)) -> 0.0019693874 | J26: 0 | K26: =IF('Large Sockeye'!M26="","",SUM('Large Sockeye'!M$2:M26)/SUM('Large Sockeye'!M:M)) -> 0.00020461893 | L26: =IF('Large Sockeye'!N26="","",SUM('Large Sockeye'!N$2:N26)/SUM('Large Sockeye'!N:N)) -> 0.0016232812 | M26: =IF('Large Sockeye'!O26="","",SUM('Large Sockeye'!O$2:O26)/SUM('Large Sockeye'!O:O)) -> 0.00028268974 | N26: =IF('Large Sockeye'!P26="","",SUM('Large Sockeye'!P$2:P26)/SUM('Large Sockeye'!P:P)) -> 0.13474929 | O26: 0 | P26: =IF('Large Sockeye'!R26="","",SUM('Large Sockeye'!R$2:R26)/SUM('Large Sockeye'!R:R)) -> 2.2668969e-05 | Q26: =IF('Large Sockeye'!S26="","",SUM('Large Sockeye'!S$2:S26)/SUM('Large Sockeye'!S:S)) -> 0.00030519079 | R26: =IF('Large Sockeye'!T26="","",SUM('Large Sockeye'!T$2:T26)/SUM('Large Sockeye'!T:T)) -> 2.727486e-05 | S26: =IF('Large Sockeye'!U26="","",SUM('Large Sockeye'!U$2:U26)/SUM('Large Sockeye'!U:U)) -> 4.2375539e-05 | T26: =IF('Large Sockeye'!V26="","",SUM('Large Sockeye'!V$2:V26)/SUM('Large Sockeye'!V:V)) | U26: =IF('Large Sockeye'!W26="","",SUM('Large Sockeye'!W$2:W26)/SUM('Large Sockeye'!W:W)) -> 0.00011169057 | V26: =IF('Large Sockeye'!X26="","",SUM('Large Sockeye'!X$2:X26)/SUM('Large Sockeye'!X:X)) -> 0.00020462137 | W26: =IF('Large Sockeye'!Y26="","",SUM('Large Sockeye'!Y$2:Y26)/SUM('Large Sockeye'!Y:Y)) -> 0.0078525201 | X26: 0 | Y26: =IF('Large Sockeye'!AA26="","",SUM('Large Sockeye'!AA$2:AA26)/SUM('Large Sockeye'!AA:AA)) -> 0.020106326 | Z26: =IF('Large Sockeye'!AB26="","",SUM('Large Sockeye'!AB$2:AB26)/SUM('Large Sockeye'!AB:AB)) -> 0.00027862705 | AA26: =IF('Large Sockeye'!AC26="","",SUM('Large Sockeye'!AC$2:AC26)/SUM('Large Sockeye'!AC:AC)) -> 0.00028974132 | AB26: 0 | AC26: =IF('Large Sockeye'!AE26="","",SUM('Large Sockeye'!AE$2:AE26)/SUM('Large Sockeye'!AE:AE)) -> 3.002124e-05 | AD26: =IF('Large Sockeye'!AF26="","",SUM('Large Sockeye'!AF$2:AF26)/SUM('Large Sockeye'!AF:AF)) -> 8.9167641e-05 | AE26: =IF('Large Sockeye'!AG26="","",SUM('Large Sockeye'!AG$2:AG26)/SUM('Large Sockeye'!AG:AG)) -> 7.4139796e-05 | AF26: 0 | AG26: =IF('Large Sockeye'!AI26="","",SUM('Large Sockeye'!AI$2:AI26)/SUM('Large Sockeye'!AI:AI)) -> 0.0012340833 | AH26: =IF('Large Sockeye'!AJ26="","",SUM('Large Sockeye'!AJ$2:AJ26)/SUM('Large Sockeye'!AJ:AJ)) -> 0.057377212 | AI26: =IF('Large Sockeye'!AK26="","",SUM('Large Sockeye'!AK$2:AK26)/SUM('Large Sockeye'!AK:AK)) -> 0.00023560873 | AJ26: =IF('Large Sockeye'!AL26="","",SUM('Large Sockeye'!AL$2:AL26)/SUM('Large Sockeye'!AL:AL)) -> 0.060970508 | AK26: =IF('Large Sockeye'!AM26="","",SUM('Large Sockeye'!AM$2:AM26)/SUM('Large Sockeye'!AM:AM)) -> 0.00035407729 | AL26: =IF('Large Sockeye'!AN26="","",SUM('Large Sockeye'!AN$2:AN26)/SUM('Large Sockeye'!AN:AN)) -> 0.0073040708 | AM26: =IF('Large Sockeye'!AO26="","",SUM('Large Sockeye'!AO$2:AO26)/SUM('Large Sockeye'!AO:AO)) -> 9.1177609e-05 | AN26: =IF('Large Sockeye'!AP26="","",SUM('Large Sockeye'!AP$2:AP26)/SUM('Large Sockeye'!AP:AP)) -> 1.3278084e-05 | AO26: =IF('Large Sockeye'!AQ26="","",SUM('Large Sockeye'!AQ$2:AQ26)/SUM('Large Sockeye'!AQ:AQ)) -> 2.186017e-05 | AP26: =IF('Large Sockeye'!AR26="","",SUM('Large Sockeye'!AR$2:AR26)/SUM('Large Sockeye'!AR:AR)) -> 2.2743652e-05 | AQ26: =IF('Large Sockeye'!AS26="","",SUM('Large Sockeye'!AS$2:AS26)/SUM('Large Sockeye'!AS:AS)) -> 1.1451789e-05 | AR26: =IF('Large Sockeye'!AT26="","",SUM('Large Sockeye'!AT$2:AT26)/SUM('Large Sockeye'!AT:AT)) -> 2.0554737e-05 | AS26: =IF('Large Sockeye'!AU26="","",SUM('Large Sockeye'!AU$2:AU26)/SUM('Large Sockeye'!AU:AU)) -> 0.010453097 | AT26: 0 | AU26: =IF('Large Sockeye'!AW26="","",SUM('Large Sockeye'!AW$2:AW26)/SUM('Large Sockeye'!AW:AW)) -> 0.00021980652 | AV26: =IF('Large Sockeye'!AX26="","",SUM('Large Sockeye'!AX$2:AX26)/SUM('Large Sockeye'!AX:AX)) -> 0.0062259792 | AW26: =IF('Large Sockeye'!AY26="","",SUM('Large Sockeye'!AY$2:AY26)/SUM('Large Sockeye'!AY:AY)) -> 0.013621215 | AX26: =IF('Large Sockeye'!AZ26="","",SUM('Large Sockeye'!AZ$2:AZ26)/SUM('Large Sockeye'!AZ:AZ)) -> 2.6542825e-05 | AY26: =IF('Large Sockeye'!BA26="","",SUM('Large Sockeye'!BA$2:BA26)/SUM('Large Sockeye'!BA:BA)) -> 0.04016207 | AZ26: =IF('Large Sockeye'!BB26="","",SUM('Large Sockeye'!BB$2:BB26)/SUM('Large Sockeye'!BB:BB)) -> 0.0054841254 | BA26: =IF('Large Sockeye'!BC26="","",SUM('Large Sockeye'!BC$2:BC26)/SUM('Large Sockeye'!BC:BC)) -> 0.0066991737 | BB26: =IF('Large Sockeye'!BD26="","",SUM('Large Sockeye'!BD$2:BD26)/SUM('Large Sockeye'!BD:BD)) -> 0.035971139 | BC26: 0 | BD26: =IF('Large Sockeye'!BF26="","",SUM('Large Sockeye'!BF$2:BF26)/SUM('Large Sockeye'!BF:BF)) -> 0.00010525667 | BE26: 0 | BF26: =IF('Large Sockeye'!BH26="","",SUM('Large Sockeye'!BH$2:BH26)/SUM('Large Sockeye'!BH:BH)) -> 0.005651992 | BG26: =IF('Large Sockeye'!BI26="","",SUM('Large Sockeye'!BI$2:BI26)/SUM('Large Sockeye'!BI:BI)) -> 7.506214e-05 | BH26: =IF('Large Sockeye'!BJ26="","",SUM('Large Sockeye'!BJ$2:BJ26)/SUM('Large Sockeye'!BJ:BJ)) -> 0.023482123 | BI26: =IF('Large Sockeye'!BK26="","",SUM('Large Sockeye'!BK$2:BK26)/SUM('Large Sockeye'!BK:BK)) -> 0.00014904324 | BJ26: =IF('Large Sockeye'!BL26="","",SUM('Large Sockeye'!BL$2:BL26)/SUM('Large Sockeye'!BL:BL)) -> 0.00013776427 | BK26: 0 | BL26: =IF('Large Sockeye'!BN26="","",SUM('Large Sockeye'!BN$2:BN26)/SUM('Large Sockeye'!BN:BN)) -> 1.8427626e-06 | BM26: =IF('Large Sockeye'!BO26="","",SUM('Large Sockeye'!BO$2:BO26)/SUM('Large Sockeye'!BO:BO)) -> 0.00018545691 | BN26: =IF('Large Sockeye'!BP26="","",SUM('Large Sockeye'!BP$2:BP26)/SUM('Large Sockeye'!BP:BP)) -> 0.0054003968 | BO26: 0 | BP26: 0 | BQ26: =IF('Large Sockeye'!BS26="","",SUM('Large Sockeye'!BS$2:BS26)/SUM('Large Sockeye'!BS:BS)) -> 0.00059128522 | BR26: =IF('Large Sockeye'!BT26="","",SUM('Large Sockeye'!BT$2:BT26)/SUM('Large Sockeye'!BT:BT)) -> 0.011445068 | BS26: =IF('Large Sockeye'!BU26="","",SUM('Large Sockeye'!BU$2:BU26)/SUM('Large Sockeye'!BU:BU)) -> 0.016063105 | BT26: =IF('Large Sockeye'!BV26="","",SUM('Large Sockeye'!BV$2:BV26)/SUM('Large Sockeye'!BV:BV)) -> 0.037489729 | BU26: =IF('Large Sockeye'!BW26="","",SUM('Large Sockeye'!BW$2:BW26)/SUM('Large Sockeye'!BW:BW)) -> 0.00018324111 | BV26: =IF('Large Sockeye'!BX26="","",SUM('Large Sockeye'!BX$2:BX26)/SUM('Large Sockeye'!BX:BX)) -> 3.7296675e-05 | BW26: 0 | BX26: =IF('Large Sockeye'!BZ26="","",SUM('Large Sockeye'!BZ$2:BZ26)/SUM('Large Sockeye'!BZ:BZ)) -> 2.3693407e-06 | BY26: =IF('Large Sockeye'!CA26="","",SUM('Large Sockeye'!CA$2:CA26)/SUM('Large Sockeye'!CA:CA)) -> 2.0584603e-06 | BZ26: =IF('Large Sockeye'!CB26="","",SUM('Large Sockeye'!CB$2:CB26)/SUM('Large Sockeye'!CB:CB)) -> 7.0702607e-06 | CA26: 0 | CB26: =IF('Large Sockeye'!CD26="","",SUM('Large Sockeye'!CD$2:CD26)/SUM('Large Sockeye'!CD:CD)) -> 0.00046732879 | CC26: =IF('Large Sockeye'!CE26="","",SUM('Large Sockeye'!CE$2:CE26)/SUM('Large Sockeye'!CE:CE)) -> 2.383655e-05
A27: 46222 | B27: =IF('Large Sockeye'!D27="","",SUM('Large Sockeye'!D$2:D27)/SUM('Large Sockeye'!D:D)) -> 0.026613841 | C27: =IF('Large Sockeye'!E27="","",SUM('Large Sockeye'!E$2:E27)/SUM('Large Sockeye'!E:E)) -> 0.055211137 | E27: =IF('Large Sockeye'!G27="","",SUM('Large Sockeye'!G$2:G27)/SUM('Large Sockeye'!G:G)) -> 0.00033255018 | F27: =IF('Large Sockeye'!H27="","",SUM('Large Sockeye'!H$2:H27)/SUM('Large Sockeye'!H:H)) -> 0.046687742 | G27: =IF('Large Sockeye'!I27="","",SUM('Large Sockeye'!I$2:I27)/SUM('Large Sockeye'!I:I)) -> 0.00094164586 | H27: 0 | I27: =IF('Large Sockeye'!K27="","",SUM('Large Sockeye'!K$2:K27)/SUM('Large Sockeye'!K:K)) -> 0.01411249 | J27: 0 | K27: =IF('Large Sockeye'!M27="","",SUM('Large Sockeye'!M$2:M27)/SUM('Large Sockeye'!M:M)) -> 0.00031374903 | L27: =IF('Large Sockeye'!N27="","",SUM('Large Sockeye'!N$2:N27)/SUM('Large Sockeye'!N:N)) -> 0.0023089776 | M27: =IF('Large Sockeye'!O27="","",SUM('Large Sockeye'!O$2:O27)/SUM('Large Sockeye'!O:O)) -> 0.00057687092 | N27: =IF('Large Sockeye'!P27="","",SUM('Large Sockeye'!P$2:P27)/SUM('Large Sockeye'!P:P)) -> 0.14814228 | O27: =IF('Large Sockeye'!Q27="","",SUM('Large Sockeye'!Q$2:Q27)/SUM('Large Sockeye'!Q:Q)) -> 1.2741662e-06 | P27: =IF('Large Sockeye'!R27="","",SUM('Large Sockeye'!R$2:R27)/SUM('Large Sockeye'!R:R)) -> 2.644713e-05 | Q27: =IF('Large Sockeye'!S27="","",SUM('Large Sockeye'!S$2:S27)/SUM('Large Sockeye'!S:S)) -> 0.00065170949 | R27: =IF('Large Sockeye'!T27="","",SUM('Large Sockeye'!T$2:T27)/SUM('Large Sockeye'!T:T)) -> 3.8184804e-05 | S27: =IF('Large Sockeye'!U27="","",SUM('Large Sockeye'!U$2:U27)/SUM('Large Sockeye'!U:U)) -> 4.2375539e-05 | T27: =IF('Large Sockeye'!V27="","",SUM('Large Sockeye'!V$2:V27)/SUM('Large Sockeye'!V:V)) | U27: =IF('Large Sockeye'!W27="","",SUM('Large Sockeye'!W$2:W27)/SUM('Large Sockeye'!W:W)) -> 0.00013231036 | V27: =IF('Large Sockeye'!X27="","",SUM('Large Sockeye'!X$2:X27)/SUM('Large Sockeye'!X:X)) -> 0.00031460536 | W27: =IF('Large Sockeye'!Y27="","",SUM('Large Sockeye'!Y$2:Y27)/SUM('Large Sockeye'!Y:Y)) -> 0.018175385 | X27: 0 | Y27: =IF('Large Sockeye'!AA27="","",SUM('Large Sockeye'!AA$2:AA27)/SUM('Large Sockeye'!AA:AA)) -> 0.027406996 | Z27: =IF('Large Sockeye'!AB27="","",SUM('Large Sockeye'!AB$2:AB27)/SUM('Large Sockeye'!AB:AB)) -> 0.00042923626 | AA27: =IF('Large Sockeye'!AC27="","",SUM('Large Sockeye'!AC$2:AC27)/SUM('Large Sockeye'!AC:AC)) -> 0.00052080086 | AB27: 0 | AC27: =IF('Large Sockeye'!AE27="","",SUM('Large Sockeye'!AE$2:AE27)/SUM('Large Sockeye'!AE:AE)) -> 6.3795135e-05 | AD27: =IF('Large Sockeye'!AF27="","",SUM('Large Sockeye'!AF$2:AF27)/SUM('Large Sockeye'!AF:AF)) -> 0.0001248347 | AE27: =IF('Large Sockeye'!AG27="","",SUM('Large Sockeye'!AG$2:AG27)/SUM('Large Sockeye'!AG:AG)) -> 8.3863048e-05 | AF27: 0 | AG27: =IF('Large Sockeye'!AI27="","",SUM('Large Sockeye'!AI$2:AI27)/SUM('Large Sockeye'!AI:AI)) -> 0.0016809065 | AH27: =IF('Large Sockeye'!AJ27="","",SUM('Large Sockeye'!AJ$2:AJ27)/SUM('Large Sockeye'!AJ:AJ)) -> 0.079132945 | AI27: =IF('Large Sockeye'!AK27="","",SUM('Large Sockeye'!AK$2:AK27)/SUM('Large Sockeye'!AK:AK)) -> 0.00032245721 | AJ27: =IF('Large Sockeye'!AL27="","",SUM('Large Sockeye'!AL$2:AL27)/SUM('Large Sockeye'!AL:AL)) -> 0.068983926 | AK27: =IF('Large Sockeye'!AM27="","",SUM('Large Sockeye'!AM$2:AM27)/SUM('Large Sockeye'!AM:AM)) -> 0.0004941748 | AL27: =IF('Large Sockeye'!AN27="","",SUM('Large Sockeye'!AN$2:AN27)/SUM('Large Sockeye'!AN:AN)) -> 0.014703855 | AM27: =IF('Large Sockeye'!AO27="","",SUM('Large Sockeye'!AO$2:AO27)/SUM('Large Sockeye'!AO:AO)) -> 0.00016434483 | AN27: =IF('Large Sockeye'!AP27="","",SUM('Large Sockeye'!AP$2:AP27)/SUM('Large Sockeye'!AP:AP)) -> 2.3710864e-05 | AO27: =IF('Large Sockeye'!AQ27="","",SUM('Large Sockeye'!AQ$2:AQ27)/SUM('Large Sockeye'!AQ:AQ)) -> 3.72088e-05 | AP27: =IF('Large Sockeye'!AR27="","",SUM('Large Sockeye'!AR$2:AR27)/SUM('Large Sockeye'!AR:AR)) -> 4.2644348e-05 | AQ27: =IF('Large Sockeye'!AS27="","",SUM('Large Sockeye'!AS$2:AS27)/SUM('Large Sockeye'!AS:AS)) -> 2.1376673e-05 | AR27: =IF('Large Sockeye'!AT27="","",SUM('Large Sockeye'!AT$2:AT27)/SUM('Large Sockeye'!AT:AT)) -> 9.143314e-05 | AS27: =IF('Large Sockeye'!AU27="","",SUM('Large Sockeye'!AU$2:AU27)/SUM('Large Sockeye'!AU:AU)) -> 0.018678398 | AT27: 0 | AU27: =IF('Large Sockeye'!AW27="","",SUM('Large Sockeye'!AW$2:AW27)/SUM('Large Sockeye'!AW:AW)) -> 0.00043961304 | AV27: =IF('Large Sockeye'!AX27="","",SUM('Large Sockeye'!AX$2:AX27)/SUM('Large Sockeye'!AX:AX)) -> 0.0084946847 | AW27: =IF('Large Sockeye'!AY27="","",SUM('Large Sockeye'!AY$2:AY27)/SUM('Large Sockeye'!AY:AY)) -> 0.020138908 | AX27: =IF('Large Sockeye'!AZ27="","",SUM('Large Sockeye'!AZ$2:AZ27)/SUM('Large Sockeye'!AZ:AZ)) -> 5.0241777e-05 | AY27: =IF('Large Sockeye'!BA27="","",SUM('Large Sockeye'!BA$2:BA27)/SUM('Large Sockeye'!BA:BA)) -> 0.048939508 | AZ27: =IF('Large Sockeye'!BB27="","",SUM('Large Sockeye'!BB$2:BB27)/SUM('Large Sockeye'!BB:BB)) -> 0.0074825044 | BA27: =IF('Large Sockeye'!BC27="","",SUM('Large Sockeye'!BC$2:BC27)/SUM('Large Sockeye'!BC:BC)) -> 0.0091403082 | BB27: =IF('Large Sockeye'!BD27="","",SUM('Large Sockeye'!BD$2:BD27)/SUM('Large Sockeye'!BD:BD)) -> 0.040918 | BC27: 0 | BD27: =IF('Large Sockeye'!BF27="","",SUM('Large Sockeye'!BF$2:BF27)/SUM('Large Sockeye'!BF:BF)) -> 0.00064299282 | BE27: 0 | BF27: =IF('Large Sockeye'!BH27="","",SUM('Large Sockeye'!BH$2:BH27)/SUM('Large Sockeye'!BH:BH)) -> 0.0077115404 | BG27: =IF('Large Sockeye'!BI27="","",SUM('Large Sockeye'!BI$2:BI27)/SUM('Large Sockeye'!BI:BI)) -> 0.00015524215 | BH27: =IF('Large Sockeye'!BJ27="","",SUM('Large Sockeye'!BJ$2:BJ27)/SUM('Large Sockeye'!BJ:BJ)) -> 0.040881234 | BI27: =IF('Large Sockeye'!BK27="","",SUM('Large Sockeye'!BK$2:BK27)/SUM('Large Sockeye'!BK:BK)) -> 0.00047384502 | BJ27: =IF('Large Sockeye'!BL27="","",SUM('Large Sockeye'!BL$2:BL27)/SUM('Large Sockeye'!BL:BL)) -> 0.00020018871 | BK27: 0 | BL27: =IF('Large Sockeye'!BN27="","",SUM('Large Sockeye'!BN$2:BN27)/SUM('Large Sockeye'!BN:BN)) -> 2.7641439e-06 | BM27: =IF('Large Sockeye'!BO27="","",SUM('Large Sockeye'!BO$2:BO27)/SUM('Large Sockeye'!BO:BO)) -> 0.00020771174 | BN27: =IF('Large Sockeye'!BP27="","",SUM('Large Sockeye'!BP$2:BP27)/SUM('Large Sockeye'!BP:BP)) -> 0.018662723 | BO27: 0 | BP27: 0 | BQ27: =IF('Large Sockeye'!BS27="","",SUM('Large Sockeye'!BS$2:BS27)/SUM('Large Sockeye'!BS:BS)) -> 0.0019868455 | BR27: =IF('Large Sockeye'!BT27="","",SUM('Large Sockeye'!BT$2:BT27)/SUM('Large Sockeye'!BT:BT)) -> 0.040132194 | BS27: =IF('Large Sockeye'!BU27="","",SUM('Large Sockeye'!BU$2:BU27)/SUM('Large Sockeye'!BU:BU)) -> 0.019281893 | BT27: =IF('Large Sockeye'!BV27="","",SUM('Large Sockeye'!BV$2:BV27)/SUM('Large Sockeye'!BV:BV)) -> 0.0417979 | BU27: =IF('Large Sockeye'!BW27="","",SUM('Large Sockeye'!BW$2:BW27)/SUM('Large Sockeye'!BW:BW)) -> 0.0017296475 | BV27: =IF('Large Sockeye'!BX27="","",SUM('Large Sockeye'!BX$2:BX27)/SUM('Large Sockeye'!BX:BX)) -> 8.5471547e-05 | BW27: =IF('Large Sockeye'!BY27="","",SUM('Large Sockeye'!BY$2:BY27)/SUM('Large Sockeye'!BY:BY)) -> 5.0479113e-05 | BX27: =IF('Large Sockeye'!BZ27="","",SUM('Large Sockeye'!BZ$2:BZ27)/SUM('Large Sockeye'!BZ:BZ)) -> 3.9489012e-06 | BY27: =IF('Large Sockeye'!CA27="","",SUM('Large Sockeye'!CA$2:CA27)/SUM('Large Sockeye'!CA:CA)) -> 5.7636888e-05 | BZ27: =IF('Large Sockeye'!CB27="","",SUM('Large Sockeye'!CB$2:CB27)/SUM('Large Sockeye'!CB:CB)) -> 1.0605391e-05 | CA27: 0 | CB27: =IF('Large Sockeye'!CD27="","",SUM('Large Sockeye'!CD$2:CD27)/SUM('Large Sockeye'!CD:CD)) -> 0.00086099979 | CC27: =IF('Large Sockeye'!CE27="","",SUM('Large Sockeye'!CE$2:CE27)/SUM('Large Sockeye'!CE:CE)) -> 5.2604801e-05
A28: 46223 | B28: =IF('Large Sockeye'!D28="","",SUM('Large Sockeye'!D$2:D28)/SUM('Large Sockeye'!D:D)) -> 0.030396621 | C28: =IF('Large Sockeye'!E28="","",SUM('Large Sockeye'!E$2:E28)/SUM('Large Sockeye'!E:E)) -> 0.067298895 | E28: =IF('Large Sockeye'!G28="","",SUM('Large Sockeye'!G$2:G28)/SUM('Large Sockeye'!G:G)) -> 0.0003606226 | F28: =IF('Large Sockeye'!H28="","",SUM('Large Sockeye'!H$2:H28)/SUM('Large Sockeye'!H:H)) -> 0.058404722 | G28: =IF('Large Sockeye'!I28="","",SUM('Large Sockeye'!I$2:I28)/SUM('Large Sockeye'!I:I)) -> 0.0035643039 | H28: 0 | I28: =IF('Large Sockeye'!K28="","",SUM('Large Sockeye'!K$2:K28)/SUM('Large Sockeye'!K:K)) -> 0.021319054 | J28: 0 | K28: =IF('Large Sockeye'!M28="","",SUM('Large Sockeye'!M$2:M28)/SUM('Large Sockeye'!M:M)) -> 0.00049108544 | L28: =IF('Large Sockeye'!N28="","",SUM('Large Sockeye'!N$2:N28)/SUM('Large Sockeye'!N:N)) -> 0.0030450517 | M28: =IF('Large Sockeye'!O28="","",SUM('Large Sockeye'!O$2:O28)/SUM('Large Sockeye'!O:O)) -> 0.0013789743 | N28: =IF('Large Sockeye'!P28="","",SUM('Large Sockeye'!P$2:P28)/SUM('Large Sockeye'!P:P)) -> 0.15810287 | O28: =IF('Large Sockeye'!Q28="","",SUM('Large Sockeye'!Q$2:Q28)/SUM('Large Sockeye'!Q:Q)) -> 1.2741662e-06 | P28: =IF('Large Sockeye'!R28="","",SUM('Large Sockeye'!R$2:R28)/SUM('Large Sockeye'!R:R)) -> 4.5337938e-05 | Q28: =IF('Large Sockeye'!S28="","",SUM('Large Sockeye'!S$2:S28)/SUM('Large Sockeye'!S:S)) -> 0.0019169796 | R28: =IF('Large Sockeye'!T28="","",SUM('Large Sockeye'!T$2:T28)/SUM('Large Sockeye'!T:T)) -> 0.00010728111 | S28: =IF('Large Sockeye'!U28="","",SUM('Large Sockeye'!U$2:U28)/SUM('Large Sockeye'!U:U)) -> 5.7630733e-05 | T28: =IF('Large Sockeye'!V28="","",SUM('Large Sockeye'!V$2:V28)/SUM('Large Sockeye'!V:V)) | U28: =IF('Large Sockeye'!W28="","",SUM('Large Sockeye'!W$2:W28)/SUM('Large Sockeye'!W:W)) -> 0.00016839501 | V28: =IF('Large Sockeye'!X28="","",SUM('Large Sockeye'!X$2:X28)/SUM('Large Sockeye'!X:X)) -> 0.00036576071 | W28: =IF('Large Sockeye'!Y28="","",SUM('Large Sockeye'!Y$2:Y28)/SUM('Large Sockeye'!Y:Y)) -> 0.025087057 | X28: =IF('Large Sockeye'!Z28="","",SUM('Large Sockeye'!Z$2:Z28)/SUM('Large Sockeye'!Z:Z)) -> 5.4154753e-05 | Y28: =IF('Large Sockeye'!AA28="","",SUM('Large Sockeye'!AA$2:AA28)/SUM('Large Sockeye'!AA:AA)) -> 0.037138603 | Z28: =IF('Large Sockeye'!AB28="","",SUM('Large Sockeye'!AB$2:AB28)/SUM('Large Sockeye'!AB:AB)) -> 0.00087202735 | AA28: =IF('Large Sockeye'!AC28="","",SUM('Large Sockeye'!AC$2:AC28)/SUM('Large Sockeye'!AC:AC)) -> 0.0011039511 | AB28: 0 | AC28: =IF('Large Sockeye'!AE28="","",SUM('Large Sockeye'!AE$2:AE28)/SUM('Large Sockeye'!AE:AE)) -> 0.00011508142 | AD28: =IF('Large Sockeye'!AF28="","",SUM('Large Sockeye'!AF$2:AF28)/SUM('Large Sockeye'!AF:AF)) -> 0.00014404003 | AE28: =IF('Large Sockeye'!AG28="","",SUM('Large Sockeye'!AG$2:AG28)/SUM('Large Sockeye'!AG:AG)) -> 0.00010938658 | AF28: 0 | AG28: =IF('Large Sockeye'!AI28="","",SUM('Large Sockeye'!AI$2:AI28)/SUM('Large Sockeye'!AI:AI)) -> 0.0024681665 | AH28: =IF('Large Sockeye'!AJ28="","",SUM('Large Sockeye'!AJ$2:AJ28)/SUM('Large Sockeye'!AJ:AJ)) -> 0.099849738 | AI28: =IF('Large Sockeye'!AK28="","",SUM('Large Sockeye'!AK$2:AK28)/SUM('Large Sockeye'!AK:AK)) -> 0.00042994295 | AJ28: =IF('Large Sockeye'!AL28="","",SUM('Large Sockeye'!AL$2:AL28)/SUM('Large Sockeye'!AL:AL)) -> 0.078466376 | AK28: =IF('Large Sockeye'!AM28="","",SUM('Large Sockeye'!AM$2:AM28)/SUM('Large Sockeye'!AM:AM)) -> 0.00066563743 | AL28: =IF('Large Sockeye'!AN28="","",SUM('Large Sockeye'!AN$2:AN28)/SUM('Large Sockeye'!AN:AN)) -> 0.030691498 | AM28: =IF('Large Sockeye'!AO28="","",SUM('Large Sockeye'!AO$2:AO28)/SUM('Large Sockeye'!AO:AO)) -> 0.00024426594 | AN28: =IF('Large Sockeye'!AP28="","",SUM('Large Sockeye'!AP$2:AP28)/SUM('Large Sockeye'!AP:AP)) -> 4.6473294e-05 | AO28: =IF('Large Sockeye'!AQ28="","",SUM('Large Sockeye'!AQ$2:AQ28)/SUM('Large Sockeye'!AQ:AQ)) -> 5.3952761e-05 | AP28: =IF('Large Sockeye'!AR28="","",SUM('Large Sockeye'!AR$2:AR28)/SUM('Large Sockeye'!AR:AR)) -> 8.8131652e-05 | AQ28: =IF('Large Sockeye'!AS28="","",SUM('Large Sockeye'!AS$2:AS28)/SUM('Large Sockeye'!AS:AS)) -> 2.5957389e-05 | AR28: =IF('Large Sockeye'!AT28="","",SUM('Large Sockeye'!AT$2:AT28)/SUM('Large Sockeye'!AT:AT)) -> 0.00081014015 | AS28: =IF('Large Sockeye'!AU28="","",SUM('Large Sockeye'!AU$2:AU28)/SUM('Large Sockeye'!AU:AU)) -> 0.025241007 | AT28: 0 | AU28: =IF('Large Sockeye'!AW28="","",SUM('Large Sockeye'!AW$2:AW28)/SUM('Large Sockeye'!AW:AW)) -> 0.001025198 | AV28: =IF('Large Sockeye'!AX28="","",SUM('Large Sockeye'!AX$2:AX28)/SUM('Large Sockeye'!AX:AX)) -> 0.011546267 | AW28: =IF('Large Sockeye'!AY28="","",SUM('Large Sockeye'!AY$2:AY28)/SUM('Large Sockeye'!AY:AY)) -> 0.026692246 | AX28: =IF('Large Sockeye'!AZ28="","",SUM('Large Sockeye'!AZ$2:AZ28)/SUM('Large Sockeye'!AZ:AZ)) -> 7.8680518e-05 | AY28: =IF('Large Sockeye'!BA28="","",SUM('Large Sockeye'!BA$2:BA28)/SUM('Large Sockeye'!BA:BA)) -> 0.058787099 | AZ28: =IF('Large Sockeye'!BB28="","",SUM('Large Sockeye'!BB$2:BB28)/SUM('Large Sockeye'!BB:BB)) -> 0.010170477 | BA28: =IF('Large Sockeye'!BC28="","",SUM('Large Sockeye'!BC$2:BC28)/SUM('Large Sockeye'!BC:BC)) -> 0.01242382 | BB28: =IF('Large Sockeye'!BD28="","",SUM('Large Sockeye'!BD$2:BD28)/SUM('Large Sockeye'!BD:BD)) -> 0.048018132 | BC28: =IF('Large Sockeye'!BE28="","",SUM('Large Sockeye'!BE$2:BE28)/SUM('Large Sockeye'!BE:BE)) -> 0 | BD28: =IF('Large Sockeye'!BF28="","",SUM('Large Sockeye'!BF$2:BF28)/SUM('Large Sockeye'!BF:BF)) -> 0.0035792722 | BE28: 0 | BF28: =IF('Large Sockeye'!BH28="","",SUM('Large Sockeye'!BH$2:BH28)/SUM('Large Sockeye'!BH:BH)) -> 0.01048179 | BG28: =IF('Large Sockeye'!BI28="","",SUM('Large Sockeye'!BI$2:BI28)/SUM('Large Sockeye'!BI:BI)) -> 0.0005083754 | BH28: =IF('Large Sockeye'!BJ28="","",SUM('Large Sockeye'!BJ$2:BJ28)/SUM('Large Sockeye'!BJ:BJ)) -> 0.047859765 | BI28: =IF('Large Sockeye'!BK28="","",SUM('Large Sockeye'!BK$2:BK28)/SUM('Large Sockeye'!BK:BK)) -> 0.00081130141 | BJ28: =IF('Large Sockeye'!BL28="","",SUM('Large Sockeye'!BL$2:BL28)/SUM('Large Sockeye'!BL:BL)) -> 0.00048791513 | BK28: 0 | BL28: =IF('Large Sockeye'!BN28="","",SUM('Large Sockeye'!BN$2:BN28)/SUM('Large Sockeye'!BN:BN)) -> 9.213813e-06 | BM28: =IF('Large Sockeye'!BO28="","",SUM('Large Sockeye'!BO$2:BO28)/SUM('Large Sockeye'!BO:BO)) -> 0.00033382245 | BN28: =IF('Large Sockeye'!BP28="","",SUM('Large Sockeye'!BP$2:BP28)/SUM('Large Sockeye'!BP:BP)) -> 0.041697865 | BO28: 0 | BP28: 0 | BQ28: =IF('Large Sockeye'!BS28="","",SUM('Large Sockeye'!BS$2:BS28)/SUM('Large Sockeye'!BS:BS)) -> 0.0032711424 | BR28: =IF('Large Sockeye'!BT28="","",SUM('Large Sockeye'!BT$2:BT28)/SUM('Large Sockeye'!BT:BT)) -> 0.053200731 | BS28: =IF('Large Sockeye'!BU28="","",SUM('Large Sockeye'!BU$2:BU28)/SUM('Large Sockeye'!BU:BU)) -> 0.023780286 | BT28: =IF('Large Sockeye'!BV28="","",SUM('Large Sockeye'!BV$2:BV28)/SUM('Large Sockeye'!BV:BV)) -> 0.046712887 | BU28: =IF('Large Sockeye'!BW28="","",SUM('Large Sockeye'!BW$2:BW28)/SUM('Large Sockeye'!BW:BW)) -> 0.0049747486 | BV28: =IF('Large Sockeye'!BX28="","",SUM('Large Sockeye'!BX$2:BX28)/SUM('Large Sockeye'!BX:BX)) -> 0.00017172011 | BW28: =IF('Large Sockeye'!BY28="","",SUM('Large Sockeye'!BY$2:BY28)/SUM('Large Sockeye'!BY:BY)) -> 0.00014485311 | BX28: =IF('Large Sockeye'!BZ28="","",SUM('Large Sockeye'!BZ$2:BZ28)/SUM('Large Sockeye'!BZ:BZ)) -> 4.7386815e-06 | BY28: =IF('Large Sockeye'!CA28="","",SUM('Large Sockeye'!CA$2:CA28)/SUM('Large Sockeye'!CA:CA)) -> 8.6455331e-05 | BZ28: =IF('Large Sockeye'!CB28="","",SUM('Large Sockeye'!CB$2:CB28)/SUM('Large Sockeye'!CB:CB)) -> 1.6968626e-05 | CA28: =IF('Large Sockeye'!CC28="","",SUM('Large Sockeye'!CC$2:CC28)/SUM('Large Sockeye'!CC:CC)) -> 0.0012548267 | CB28: =IF('Large Sockeye'!CD28="","",SUM('Large Sockeye'!CD$2:CD28)/SUM('Large Sockeye'!CD:CD)) -> 0.0022027659 | CC28: =IF('Large Sockeye'!CE28="","",SUM('Large Sockeye'!CE$2:CE28)/SUM('Large Sockeye'!CE:CE)) -> 7.2331601e-05
